amount,hour,merchant_new,txn_count_today,anomaly_flag
21000,4,0,5,0
25613,16,0,6,1
39699,7,0,3,1
36454,14,0,2,1
33041,19,0,3,1
39115,3,0,6,1
47713,1,0,5,1
400,4,0,1,0
18362,0,0,3,0
24177,4,1,5,1
28903,5,0,7,1
37550,1,0,7,1
33835,0,0,3,1
18660,3,0,6,1
23640,6,1,7,1
29493,21,0,5,0
48047,0,0,2,1
7220,0,0,5,0
13353,7,1,7,1
6257,19,0,7,1
12366,15,1,4,0
35237,20,1,1,1
6290,12,0,6,1
1943,22,1,5,0
13803,23,0,7,1
38140,22,1,6,1
11282,17,0,3,0
17559,19,0,3,0
3167,9,0,5,0
36979,11,1,4,1
48341,0,0,7,1
4092,9,0,5,0
37251,8,0,2,1
26796,2,0,4,0
14066,18,0,7,1
25072,8,0,7,1
35476,9,0,6,1
27988,18,0,5,0
43728,15,0,7,1
35762,23,0,6,1
40028,17,0,7,1
8837,13,1,1,0
2036,2,0,4,0
10992,1,1,5,1
17508,0,1,1,1
12211,17,0,5,0
20739,23,0,2,0
29213,8,1,3,0
35825,12,0,6,1
33787,1,0,5,1
8822,6,0,4,0
35642,15,0,5,1
1261,20,1,5,0
279,18,0,5,0
48592,14,0,7,1
14395,21,0,5,0
36003,10,0,7,1
31869,0,0,4,1
47829,20,0,4,1
16935,6,1,5,0
26758,19,0,7,1
98,7,1,3,0
20000,9,0,5,0
15223,4,0,6,1
49588,8,0,6,1
33787,0,0,4,1
28086,1,0,6,1
47371,18,0,6,1
5870,13,1,2,0
14342,19,1,5,0
3102,9,0,5,0
44427,8,0,5,1
23831,9,0,5,0
2352,5,0,1,0
2333,16,0,5,0
48203,5,0,7,1
42617,3,1,4,1
15670,19,1,7,1
30511,2,0,4,1
20800,22,0,1,0
32940,18,0,5,1
23233,17,1,3,0
9522,23,0,7,1
3777,3,0,5,0
46550,7,1,4,1
25573,16,0,7,1
30816,4,0,2,1
37776,12,0,6,1
574,0,0,2,0
9129,12,0,3,0
8449,3,0,5,0
27420,21,0,1,0
16582,23,0,5,0
16871,13,1,3,0
43212,2,0,3,1
3799,4,0,6,1
11403,6,0,3,0
46827,0,1,2,1
28527,22,1,6,1
24620,11,0,5,0
20887,10,0,7,1
11487,23,1,5,0
38154,7,0,1,1
4601,5,0,3,0
2873,21,1,3,0
12966,1,0,4,0
15217,18,1,6,1
41495,19,1,4,1
47686,19,0,6,1
8441,23,1,2,0
12708,13,1,6,1
29735,0,0,5,0
23430,9,0,1,0
42481,15,0,7,1
28969,3,0,6,1
2361,10,1,6,1
40043,15,0,6,1
44383,19,0,1,1
43088,0,0,3,1
13610,15,1,1,0
49806,18,0,3,1
48783,20,0,7,1
38603,21,0,5,1
26043,8,0,1,0
30542,8,0,3,1
21031,8,0,5,0
24193,16,0,5,0
12117,11,0,3,0
23966,12,1,3,0
41558,7,0,2,1
46471,15,0,5,1
3865,17,0,3,0
31886,0,0,5,1
37527,0,0,1,1
37325,11,0,7,1
39393,5,0,4,1
4823,8,0,4,0
12496,22,0,6,1
30783,4,1,3,1
10514,15,0,3,0
48682,17,0,5,1
21626,16,0,6,1
3370,17,0,3,0
10800,0,0,5,0
37516,18,0,3,1
26622,21,0,5,0
17998,7,0,3,0
38876,2,0,2,1
23565,4,1,7,1
27917,22,0,5,0
776,7,0,7,1
25870,18,1,2,0
6747,17,0,2,0
44728,17,0,2,1
42075,20,0,2,1
13013,0,0,1,0
49484,14,0,7,1
1131,17,1,6,1
20319,6,0,7,1
10826,15,0,4,0
31866,15,1,1,1
14246,14,1,3,0
42162,5,0,3,1
16008,8,0,6,1
23419,6,0,4,0
11739,13,0,4,0
17381,10,0,4,0
37578,20,0,2,1
13486,15,1,1,0
116,5,0,3,0
30775,21,0,1,1
25262,15,0,1,0
33382,19,0,1,1
25451,15,0,4,0
13443,11,0,6,1
3720,16,1,6,1
25651,4,0,4,0
2301,12,0,3,0
45767,7,0,3,1
33622,23,0,3,1
27077,4,0,6,1
31896,11,1,6,1
21065,8,1,1,0
9633,2,0,4,0
23154,2,0,2,0
12274,0,1,1,1
38834,21,0,5,1
30886,17,0,6,1
29349,23,0,1,0
13086,11,1,4,0
19983,8,0,5,0
12442,8,1,7,1
7988,17,1,1,0
4191,17,0,4,0
23400,6,1,4,0
9596,3,1,6,1
5385,12,0,2,0
5127,16,0,1,0
46065,23,0,4,1
5661,1,0,3,0
40907,13,0,4,1
35710,2,0,2,1
5627,4,0,4,0
20052,13,1,6,1
39501,2,0,7,1
34325,22,0,1,1
49153,6,0,6,1
28697,17,0,1,0
34881,12,0,5,1
34818,22,0,1,1
31012,21,0,5,1
48384,9,1,6,1
29633,12,1,3,0
1344,15,0,2,0
15146,8,1,3,0
36883,1,1,5,1
46908,22,0,4,1
27378,4,1,4,1
24448,21,1,3,0
17756,16,0,4,0
22390,22,0,5,0
18875,21,0,6,1
17532,3,0,2,0
9368,16,1,7,1
41306,8,0,1,1
44059,19,1,5,1
43235,1,1,7,1
15624,23,0,5,0
48120,17,0,1,1
14700,20,0,1,0
46168,21,0,2,1
28980,10,0,2,0
20221,12,0,2,0
34914,7,0,4,1
11851,0,1,5,1
22422,16,0,6,1
16609,11,0,1,0
32384,3,0,5,1
39987,20,1,7,1
13338,12,0,5,0
22448,8,0,2,0
10744,6,1,2,0
12241,22,0,5,0
18101,23,0,2,0
10787,4,0,4,0
25301,4,1,1,1
5197,16,0,7,1
19693,8,0,5,0
39017,5,0,1,1
33364,18,1,4,1
38049,15,0,7,1
40783,20,0,2,1
18517,1,1,3,1
34858,9,0,4,1
1802,15,1,3,0
1899,4,1,1,1
2692,14,1,5,0
1650,12,0,7,1
46769,12,0,2,1
20836,12,1,7,1
44615,14,1,4,1
20233,13,0,2,0
49820,7,1,3,1
1182,10,0,3,0
38309,17,0,6,1
31126,23,0,7,1
38613,3,1,5,1
26741,9,0,3,0
43349,0,0,5,1
10981,4,1,6,1
7683,12,0,4,0
37827,0,0,6,1
34931,22,0,5,1
1094,7,0,3,0
46741,2,0,1,1
35249,2,1,5,1
24413,6,0,2,0
46744,3,1,1,1
1632,2,0,7,1
14424,14,0,5,0
1358,7,0,2,0
21351,2,0,7,1
8843,6,0,6,1
1670,17,0,1,0
29933,10,0,5,0
37584,10,0,4,1
38010,16,0,6,1
39440,5,0,2,1
6143,7,1,4,0
49302,0,0,3,1
22309,9,0,6,1
20705,18,1,6,1
33055,2,1,5,1
31679,3,0,5,1
23660,10,0,2,0
21652,14,0,6,1
20459,0,0,5,0
11160,8,1,3,0
6123,10,1,7,1
35360,18,0,7,1
15332,12,1,7,1
10245,15,0,5,0
1587,3,0,6,1
17188,0,1,7,1
44378,19,0,1,1
46252,12,1,4,1
40214,0,1,6,1
24257,4,0,3,0
20669,4,0,6,1
49742,13,0,3,1
24895,22,0,6,1
24360,13,0,7,1
37949,7,0,4,1
30612,3,1,4,1
28086,6,0,3,0
8747,19,0,6,1
17563,18,0,4,0
43089,14,1,2,1
3195,21,0,6,1
27868,3,0,4,0
30594,18,1,1,1
13150,8,0,1,0
20154,20,0,2,0
4117,12,1,4,0
37013,13,0,1,1
30778,22,1,7,1
32367,13,0,6,1
31466,21,0,5,1
42062,9,1,4,1
40099,15,0,2,1
2559,4,1,4,1
21450,22,1,3,0
48320,5,1,3,1
6583,1,1,1,1
49883,12,0,3,1
14720,12,1,2,0
3982,18,0,1,0
47413,17,0,2,1
45859,18,1,6,1
38378,0,0,2,1
36834,7,0,3,1
23773,21,0,6,1
769,15,0,3,0
124,1,1,2,1
26548,7,0,3,0
31395,5,0,3,1
20591,15,1,3,0
45979,22,0,4,1
34967,10,0,6,1
26078,16,0,6,1
29595,22,0,7,1
14083,18,0,6,1
31723,10,1,7,1
31024,7,0,2,1
23147,21,1,7,1
37025,3,1,7,1
27658,10,0,5,0
23575,7,0,2,0
15093,8,0,6,1
41896,1,0,1,1
11775,15,1,3,0
36754,5,0,3,1
42125,20,0,5,1
37433,20,0,1,1
29533,18,0,4,0
7315,7,0,7,1
22813,13,0,2,0
10166,23,0,4,0
15783,15,0,1,0
46710,11,0,5,1
25552,4,1,1,1
37470,23,0,5,1
43291,23,0,4,1
9297,18,0,4,0
23890,17,0,1,0
21108,8,1,1,0
49743,1,0,7,1
34979,19,0,3,1
18685,11,1,5,0
25678,1,1,3,1
31412,9,0,2,1
21003,0,0,2,0
19178,3,1,1,1
47406,11,0,4,1
12111,8,1,2,0
6091,3,1,2,1
12723,8,1,3,0
21109,5,0,3,0
34378,0,1,7,1
44772,9,0,7,1
17598,13,1,2,0
15128,21,0,1,0
5469,17,0,3,0
35540,5,0,2,1
10600,17,0,4,0
49672,19,0,3,1
30387,15,1,2,1
1518,14,0,7,1
24359,15,1,5,0
858,7,0,3,0
24797,12,0,5,0
6769,22,0,3,0
16413,10,0,3,0
28768,6,1,7,1
28851,16,0,6,1
43409,17,0,6,1
37891,21,0,5,1
8062,22,1,1,0
18079,18,0,2,0
46710,12,0,1,1
41067,14,0,1,1
47965,22,0,6,1
817,21,0,2,0
3945,21,1,6,1
43018,0,0,6,1
40147,15,0,7,1
15382,4,0,6,1
14671,2,0,4,0
11384,22,0,1,0
18224,9,1,7,1
33703,18,1,7,1
40552,4,1,1,1
36724,6,1,7,1
37310,13,0,1,1
42548,2,0,4,1
2123,12,0,3,0
49514,12,0,7,1
6319,9,0,5,0
17244,1,0,5,0
26861,5,0,4,0
6891,7,1,1,0
43773,3,1,5,1
34850,11,1,4,1
9749,14,0,6,1
45555,7,0,2,1
10812,6,0,5,0
39947,13,0,2,1
41606,22,0,1,1
2197,18,0,5,0
33433,13,0,4,1
33765,21,0,3,1
38495,12,0,5,1
40684,20,0,5,1
2063,0,0,5,0
20131,18,0,5,0
16924,0,0,4,0
37805,3,0,4,1
8783,9,0,3,0
9529,2,1,4,1
9875,19,1,4,0
21354,8,0,1,0
35744,2,0,7,1
40100,5,0,1,1
15685,5,0,7,1
48665,22,0,2,1
20810,11,0,3,0
9540,22,0,7,1
21302,0,0,1,0
39804,15,1,3,1
6912,23,0,3,0
44977,4,1,5,1
4473,8,0,6,1
10500,9,0,6,1
40977,12,1,6,1
34891,14,1,3,1
22604,11,0,5,0
49903,4,0,2,1
31876,4,0,2,1
42929,17,0,6,1
6875,11,1,2,0
43470,2,1,5,1
12504,6,0,6,1
24301,16,0,7,1
20698,18,0,7,1
40786,17,0,5,1
24580,0,1,2,1
12566,23,1,6,1
47108,4,0,7,1
40594,1,0,5,1
8608,0,0,4,0
8769,6,0,7,1
4936,10,1,4,0
28235,10,0,5,0
37437,17,0,5,1
21625,16,0,1,0
46774,1,1,7,1
43163,6,0,1,1
39693,6,1,3,1
10150,9,1,7,1
7906,21,1,6,1
38219,20,0,3,1
28854,2,0,3,0
35840,11,0,2,1
31038,2,0,4,1
44493,10,0,2,1
10962,11,0,6,1
38556,3,0,5,1
47944,15,1,1,1
22418,19,0,6,1
1820,17,0,5,0
12355,3,1,6,1
10019,21,1,5,0
12454,5,1,7,1
9039,20,1,1,0
36033,14,1,5,1
44798,0,0,3,1
39512,2,0,6,1
19410,4,0,1,0
20171,21,0,5,0
26337,16,0,3,0
49954,13,0,3,1
43479,8,0,7,1
34210,2,0,4,1
6839,12,0,3,0
27231,2,1,2,1
14435,10,0,1,0
17111,1,1,1,1
155,23,0,1,0
44297,14,1,5,1
21187,12,1,6,1
34764,18,0,5,1
5594,21,0,2,0
13325,15,0,6,1
39803,17,1,7,1
34600,6,1,3,1
19691,12,1,5,0
6263,3,0,6,1
14535,8,0,3,0
15655,9,1,6,1
37687,8,0,3,1
20440,6,0,6,1
9917,14,0,5,0
4031,7,1,5,0
9543,18,0,2,0
5732,10,0,7,1
5832,4,0,7,1
29849,1,1,4,1
41955,9,0,1,1
17034,15,0,5,0
45830,22,0,5,1
22810,12,1,3,0
26043,7,1,4,0
1574,8,1,7,1
49452,10,0,5,1
26170,10,1,6,1
128,22,0,7,1
35941,15,0,4,1
25523,9,0,1,0
39882,23,0,6,1
45886,11,1,3,1
8467,5,0,2,0
13412,11,0,6,1
1259,9,0,7,1
37971,17,0,1,1
4948,17,0,6,1
18612,3,0,4,0
10921,8,0,4,0
7660,6,0,1,0
43895,17,0,7,1
27432,7,1,4,0
15841,10,0,6,1
35362,6,1,2,1
38340,8,1,6,1
2420,7,1,2,0
19715,2,0,4,0
4760,16,0,6,1
378,1,1,4,1
46501,14,0,7,1
38397,13,0,2,1
20662,17,0,7,1
45940,15,0,4,1
6844,19,1,5,0
32938,21,0,3,1
6799,3,0,6,1
46581,19,0,5,1
20658,5,0,7,1
15500,5,0,4,0
3725,10,0,4,0
18510,16,1,3,0
38461,23,0,4,1
11610,2,1,3,1
32513,12,0,6,1
31713,21,0,2,1
48201,2,0,3,1
3220,15,0,3,0
33173,14,1,5,1
28860,10,1,4,0
9768,17,0,6,1
78,14,0,2,0
47649,4,1,1,1
17447,15,0,7,1
43712,15,0,3,1
41837,16,1,1,1
45456,8,0,4,1
47707,22,1,7,1
2074,2,0,3,0
38657,19,1,1,1
13553,12,0,5,0
10353,21,0,1,0
17188,2,0,7,1
25395,6,0,5,0
29555,5,0,7,1
1956,8,0,2,0
40217,11,0,4,1
8011,14,1,6,1
26190,20,0,1,0
12081,19,0,3,0
15178,2,0,7,1
15713,9,0,7,1
34278,0,0,4,1
15732,18,0,1,0
15243,18,1,3,0
28611,22,0,3,0
43863,22,0,7,1
7816,12,1,6,1
29894,11,1,7,1
29482,0,0,6,1
29554,18,1,7,1
37196,23,0,7,1
40347,15,1,3,1
20908,22,0,6,1
3121,22,0,3,0
16989,14,1,1,0
24981,15,0,7,1
44510,10,0,2,1
1090,23,0,6,1
2736,5,0,5,0
12716,10,0,5,0
35371,2,0,5,1
1829,14,0,2,0
13236,0,0,3,0
16509,6,0,3,0
20760,0,0,4,0
22269,16,0,5,0
5107,8,1,5,0
18783,22,0,3,0
19207,12,0,5,0
35080,10,1,3,1
19663,19,1,7,1
43126,5,0,7,1
49594,0,1,3,1
17542,6,0,6,1
20796,11,1,3,0
5238,21,0,1,0
41620,19,0,1,1
29730,22,0,1,0
37875,18,1,1,1
36816,16,0,2,1
8914,3,0,4,0
36495,2,0,4,1
5846,0,1,3,1
47268,17,1,7,1
39181,20,0,5,1
8173,14,0,1,0
8272,7,0,4,0
24124,0,0,4,0
46472,19,1,1,1
29875,13,0,7,1
36889,3,0,2,1
41626,4,0,2,1
2836,22,0,4,0
33688,12,0,2,1
37014,23,0,6,1
44614,14,0,1,1
26038,5,0,7,1
35557,0,0,4,1
33758,22,0,1,1
33158,18,0,2,1
29765,12,1,1,0
23856,5,0,2,0
36951,14,0,7,1
17093,15,1,2,0
10275,23,0,1,0
9802,22,0,7,1
3507,15,0,2,0
42666,9,0,6,1
9291,21,0,3,0
503,8,0,1,0
9946,8,1,3,0
21876,16,1,1,0
11026,16,0,2,0
48690,16,0,2,1
33636,23,0,7,1
4918,11,0,4,0
16446,12,0,6,1
31684,11,1,4,1
12221,13,0,3,0
24161,9,1,2,0
33738,22,1,4,1
21354,18,1,2,0
42324,1,0,1,1
39293,3,0,4,1
28303,18,0,3,0
31030,6,0,7,1
2067,14,0,4,0
8007,14,0,2,0
49048,23,0,5,1
42238,5,0,5,1
4842,2,1,7,1
13287,5,0,7,1
16301,15,0,6,1
19302,1,0,7,1
10757,6,1,2,0
34256,10,0,1,1
28790,6,0,4,0
3593,3,0,7,1
44185,23,1,5,1
48338,19,1,1,1
39161,6,0,2,1
35081,3,0,1,1
42979,11,0,2,1
261,4,0,6,1
46627,22,0,4,1
39845,18,1,1,1
381,4,1,4,1
23294,18,0,1,0
8219,20,0,2,0
22154,2,0,2,0
41951,10,1,1,1
14641,6,1,6,1
31761,16,0,2,1
48943,8,0,3,1
777,20,0,3,0
21409,8,0,4,0
43872,9,1,7,1
36061,12,0,3,1
49850,14,1,3,1
37913,21,0,6,1
46627,4,1,6,1
23048,2,0,7,1
10979,7,1,5,0
14892,19,0,7,1
23569,9,0,5,0
17443,12,0,6,1
34368,2,0,5,1
9045,21,0,6,1
28706,7,0,5,0
47984,8,1,2,1
40310,21,0,6,1
45319,20,1,7,1
15617,11,1,4,0
28890,10,0,4,0
23881,1,0,6,1
13315,17,0,3,0
5474,8,0,4,0
20675,1,0,7,1
14136,1,1,3,1
29237,2,0,4,0
35979,15,0,1,1
20589,18,0,1,0
25153,3,1,6,1
27924,22,0,7,1
9265,17,0,7,1
39435,19,0,4,1
22094,17,0,2,0
11976,9,1,3,0
47910,10,1,4,1
31551,16,0,6,1
29824,23,0,3,0
25058,22,0,5,0
48978,23,0,6,1
17610,19,0,4,0
24390,15,0,2,0
25026,19,0,5,0
48456,12,1,6,1
27676,1,0,4,0
32770,23,1,1,1
35051,1,0,7,1
4750,13,0,4,0
43845,3,1,1,1
7910,16,0,1,0
7576,12,0,6,1
38377,3,0,4,1
39550,2,0,7,1
2563,11,1,4,0
7880,21,1,1,0
14831,22,0,3,0
7960,7,0,5,0
15897,1,0,2,0
5699,5,0,4,0
9170,21,0,5,0
2001,9,0,5,0
10215,11,0,3,0
14402,20,0,5,0
9796,9,0,4,0
43788,9,0,6,1
29047,22,0,6,1
42004,2,1,5,1
24233,19,1,4,0
8854,9,0,4,0
27219,8,0,1,0
645,19,1,3,0
29642,18,1,7,1
40693,13,1,2,1
20873,1,0,7,1
6022,4,1,1,1
15932,19,0,2,0
908,7,1,7,1
5569,6,1,4,0
23819,5,0,6,1
25070,10,1,1,0
42798,11,0,7,1
37135,17,1,5,1
19888,18,0,5,0
44962,9,1,2,1
12929,20,0,4,0
33848,13,1,6,1
42305,2,0,2,1
24340,17,0,7,1
46123,23,0,7,1
10305,14,1,6,1
1497,5,0,7,1
43055,9,0,3,1
29245,11,0,6,1
2900,6,1,5,0
28450,16,0,7,1
12003,0,0,7,1
40924,17,0,1,1
23585,14,0,1,0
10050,18,0,1,0
9553,0,0,6,1
15543,4,1,5,1
4105,14,1,6,1
38220,2,0,4,1
32458,0,0,5,1
42099,7,0,5,1
34490,11,0,6,1
28301,21,1,6,1
4582,18,0,1,0
4974,11,0,5,0
48087,12,0,1,1
12596,0,1,4,1
26629,18,0,3,0
6135,5,0,1,0
12440,7,0,6,1
13330,3,1,7,1
24168,4,1,2,1
4914,21,0,3,0
42134,6,0,4,1
34039,22,1,7,1
35678,3,0,6,1
26899,19,0,3,0
27616,3,0,6,1
10752,14,0,1,0
41246,20,0,7,1
15435,4,1,6,1
9386,23,0,7,1
31275,8,0,4,1
36071,1,1,2,1
3832,6,0,1,0
23391,16,0,1,0
49968,15,0,7,1
24144,16,1,4,0
49161,19,1,4,1
23916,22,1,3,0
19099,1,1,2,1
42769,10,0,6,1
31042,1,0,3,1
49087,0,1,6,1
14617,1,0,6,1
44501,22,0,6,1
3563,8,0,3,0
49697,21,0,1,1
13385,1,1,4,1
44190,14,0,1,1
38640,9,0,2,1
14887,14,1,3,0
12172,9,0,2,0
34890,22,0,4,1
31057,16,0,4,1
41347,8,1,5,1
27734,17,1,2,0
26443,3,1,1,1
22804,8,1,7,1
20849,15,0,2,0
38777,3,1,3,1
9157,15,1,4,0
6043,18,0,4,0
30855,0,0,2,1
28164,22,1,2,0
37839,5,1,6,1
46364,9,1,2,1
42992,15,1,6,1
16188,3,0,3,0
44577,21,0,3,1
9240,21,0,1,0
26773,12,0,2,0
12936,15,1,1,0
16829,19,0,7,1
28224,5,0,5,0
29136,10,0,3,0
17372,23,0,4,0
42646,2,0,6,1
35328,19,0,5,1
18083,9,0,4,0
20124,0,0,5,0
3485,19,1,1,0
36019,10,0,1,1
28992,11,0,6,1
29109,13,0,3,0
47971,7,0,7,1
32876,10,0,6,1
30347,3,1,7,1
43940,6,1,4,1
21372,9,0,5,0
35789,18,0,6,1
9769,3,1,7,1
14067,1,1,2,1
8364,20,0,2,0
28345,17,0,3,0
9678,13,0,7,1
42172,15,0,6,1
11542,21,0,4,0
36163,10,0,2,1
15407,9,0,3,0
33379,16,0,6,1
20415,13,1,3,0
39079,21,1,4,1
1787,3,0,2,0
9146,18,1,2,0
19988,1,0,2,0
12732,6,1,7,1
27549,8,0,1,0
44541,18,0,7,1
44916,15,0,2,1
41944,21,0,5,1
46207,15,1,1,1
41084,17,0,6,1
344,22,0,7,1
32586,20,0,1,1
24646,20,0,1,0
32699,10,0,7,1
11484,6,0,7,1
38148,8,1,1,1
4705,3,1,3,1
17543,12,1,5,0
46278,3,0,4,1
3821,18,1,2,0
8613,1,0,7,1
17608,8,0,1,0
33982,11,0,4,1
42293,1,1,7,1
26617,5,1,3,1
32426,4,1,4,1
21972,4,1,1,1
12438,19,1,6,1
29382,21,1,5,0
46787,4,0,4,1
23545,3,0,7,1
8484,8,0,1,0
21041,21,0,7,1
27522,9,0,1,0
40080,15,0,2,1
26899,9,0,6,1
1591,9,1,2,0
2815,18,1,6,1
43124,9,0,5,1
37309,5,0,2,1
29333,16,0,5,0
35901,4,0,7,1
34675,5,1,3,1
819,23,0,3,0
17856,14,0,6,1
25032,18,1,6,1
3022,17,1,2,0
18306,3,0,3,0
38417,7,1,4,1
18703,15,0,4,0
38093,23,0,7,1
21183,18,0,4,0
39389,19,0,7,1
25807,2,0,3,0
37890,9,0,4,1
42449,1,0,5,1
44063,3,1,1,1
32119,5,0,6,1
14756,10,0,2,0
38281,13,1,7,1
27959,15,0,5,0
40268,20,1,4,1
11145,18,0,1,0
20393,1,0,2,0
26519,16,0,5,0
1363,8,0,2,0
7897,16,0,7,1
9216,14,0,7,1
9980,6,0,6,1
3335,21,0,3,0
35913,22,0,7,1
16754,18,0,4,0
18755,2,0,5,0
605,0,0,5,0
21373,3,0,1,0
5482,17,0,1,0
1436,7,1,1,0
44057,18,0,2,1
10669,22,1,4,0
6904,22,0,2,0
43014,5,0,4,1
48851,0,0,5,1
7687,7,1,7,1
21275,0,0,7,1
45780,18,0,2,1
26789,10,0,2,0
47758,20,0,2,1
10668,23,0,3,0
36611,14,0,6,1
7423,22,0,4,0
35331,10,0,7,1
20237,18,0,4,0
2377,20,1,2,0
32441,9,1,3,1
41627,23,0,2,1
18599,11,0,4,0
39270,0,1,6,1
7692,23,0,7,1
14485,6,0,6,1
33810,16,1,5,1
38242,9,0,3,1
4431,5,0,6,1
31097,16,1,3,1
19608,17,0,2,0
30832,4,1,5,1
4832,17,1,4,0
25931,16,1,6,1
40278,21,0,6,1
29459,15,0,1,0
19512,7,0,7,1
3033,23,0,4,0
31983,12,0,6,1
47000,23,0,6,1
2573,15,0,4,0
9727,10,0,5,0
10342,5,0,3,0
15139,2,1,4,1
4631,0,1,3,1
11957,17,1,5,0
5659,4,0,5,0
44193,12,1,2,1
22986,9,1,1,0
42775,4,0,5,1
45773,13,0,5,1
34038,16,0,3,1
29556,0,0,5,0
13213,1,0,4,0
46107,6,0,2,1
12587,9,1,2,0
22469,19,0,4,0
42628,6,0,6,1
9505,23,1,5,0
9113,15,0,7,1
884,4,1,1,1
32264,11,0,5,1
27448,16,1,2,0
34542,15,0,1,1
2463,19,0,7,1
9555,15,0,6,1
37316,18,1,3,1
2155,14,1,3,0
2618,11,0,7,1
42148,20,1,5,1
49411,9,0,5,1
37729,21,0,1,1
49435,1,1,1,1
33610,6,0,6,1
14245,12,0,5,0
46719,2,1,2,1
15812,14,1,3,0
41344,0,1,6,1
15948,2,1,1,1
21627,9,0,2,0
1264,14,1,5,0
20853,21,0,4,0
48164,5,1,1,1
23748,19,0,6,1
33030,14,0,4,1
1708,23,0,2,0
12320,20,0,7,1
46847,6,0,3,1
37842,20,1,7,1
45857,4,1,7,1
22351,3,0,7,1
5191,21,1,2,0
38806,17,0,3,1
13827,2,0,2,0
38396,16,0,7,1
29491,17,1,1,0
47869,17,1,7,1
28519,23,0,1,0
3895,23,0,6,1
44700,1,0,7,1
23340,12,0,4,0
47065,21,0,2,1
30749,14,0,7,1
44302,4,0,2,1
33196,2,1,7,1
3343,4,0,4,0
44448,4,0,7,1
46478,4,0,5,1
16658,2,1,6,1
787,2,1,2,1
16669,19,1,6,1
12520,22,0,2,0
49913,17,1,2,1
22422,19,0,5,0
16167,3,0,7,1
14829,0,0,1,0
29344,15,0,6,1
21680,7,1,4,0
40089,16,1,6,1
49950,7,0,7,1
12228,6,0,5,0
19985,7,0,3,0
47308,20,0,3,1
22834,23,0,5,0
23077,11,1,7,1
31058,15,1,5,1
46681,11,0,1,1
1873,18,1,6,1
6902,9,0,7,1
13122,6,0,6,1
11183,11,0,3,0
15161,19,0,7,1
32362,4,1,4,1
24211,15,0,6,1
39337,8,0,2,1
1827,6,0,2,0
24064,19,1,1,0
14822,21,0,7,1
46439,13,1,1,1
44677,10,1,7,1
18211,6,0,3,0
42314,9,0,4,1
7540,8,1,4,0
41711,3,0,5,1
24552,15,1,1,0
35807,9,0,7,1
41161,18,0,6,1
32787,23,1,2,1
17759,16,1,6,1
44732,8,1,2,1
9048,12,0,3,0
28956,0,1,2,1
35540,1,1,6,1
4706,12,1,6,1
36951,23,0,4,1
25785,8,0,7,1
29142,6,1,4,0
1292,15,0,1,0
41357,18,0,6,1
1881,6,0,7,1
28561,5,0,3,0
7296,17,0,2,0
31517,18,0,1,1
18352,10,1,5,0
3282,11,0,5,0
36576,9,0,7,1
38815,12,0,2,1
11022,11,0,2,0
48186,20,0,7,1
34642,9,1,2,1
10733,19,0,4,0
23714,17,1,2,0
36878,3,0,5,1
33222,23,0,2,1
18155,4,0,6,1
21750,4,0,7,1
11067,11,1,3,0
36663,2,1,5,1
20644,7,0,3,0
11434,21,0,5,0
30398,1,0,1,1
16498,17,0,6,1
9541,8,1,5,0
13162,12,0,6,1
31071,6,1,5,1
44603,9,0,3,1
1018,8,0,3,0
418,21,0,7,1
8474,14,0,5,0
35060,4,1,5,1
35901,11,0,4,1
25546,0,1,6,1
30986,11,0,6,1
13372,21,1,6,1
1519,5,0,6,1
37543,18,1,1,1
4309,18,1,1,0
36440,15,1,2,1
10342,18,0,5,0
26891,2,1,5,1
28415,22,0,5,0
17257,9,0,5,0
36249,17,0,6,1
22962,12,0,6,1
36969,17,1,1,1
37031,2,0,3,1
15285,22,0,4,0
41807,2,0,6,1
33597,22,0,6,1
48169,11,0,7,1
43860,19,0,6,1
19326,6,0,3,0
31973,23,0,3,1
5584,7,1,1,0
26519,8,1,6,1
36124,13,1,7,1
35720,4,0,4,1
32613,20,0,5,1
46209,18,0,6,1
36536,20,0,1,1
71,15,0,1,0
34318,23,0,4,1
41852,11,0,7,1
15849,20,0,2,0
26386,3,1,1,1
3691,7,0,3,0
21646,6,0,3,0
33009,14,0,5,1
13356,5,0,1,0
46232,4,0,7,1
8637,13,0,5,0
31409,20,0,1,1
21548,12,1,4,0
4712,9,1,6,1
37144,17,0,7,1
41883,3,0,1,1
27247,7,0,7,1
20769,23,1,2,0
24715,10,0,7,1
43289,16,0,7,1
25082,17,0,3,0
12691,20,0,4,0
42014,10,1,6,1
30078,15,0,6,1
45544,11,0,3,1
15701,12,0,7,1
8586,15,0,6,1
45762,22,1,5,1
6323,20,1,4,0
6334,0,0,2,0
25742,15,0,3,0
8867,14,0,1,0
29005,5,0,1,0
26605,11,0,1,0
20428,7,0,4,0
41232,6,0,2,1
17177,1,0,6,1
49664,11,0,2,1
18002,20,1,2,0
11589,13,0,3,0
46811,15,1,4,1
46269,10,0,1,1
14742,19,0,3,0
18170,8,1,6,1
13384,9,0,2,0
28665,16,1,7,1
7953,11,0,1,0
28577,5,0,4,0
15679,18,0,5,0
17790,10,0,2,0
33832,8,0,2,1
26758,20,0,2,0
10910,5,0,2,0
17488,23,0,1,0
1814,15,0,4,0
6059,19,0,3,0
20892,15,0,1,0
42422,5,0,4,1
48830,4,1,3,1
33485,20,1,2,1
3420,3,0,4,0
38794,1,1,2,1
20504,5,0,7,1
41431,8,1,4,1
38417,16,1,6,1
3700,13,1,5,0
45167,6,0,2,1
25758,21,0,2,0
42712,18,0,2,1
3240,0,1,6,1
48163,19,0,1,1
8839,14,1,3,0
32175,17,0,2,1
33209,2,1,2,1
17509,17,0,1,0
35468,1,0,1,1
46418,9,0,5,1
47135,10,0,4,1
18818,23,0,2,0
15613,2,1,4,1
27935,6,0,7,1
21935,7,0,1,0
6945,18,1,1,0
24008,17,0,5,0
1581,12,1,3,0
5531,12,1,6,1
23982,23,0,6,1
21410,18,0,6,1
43692,22,0,1,1
24879,11,1,2,0
19982,16,0,5,0
38981,21,0,3,1
38082,11,1,7,1
15940,12,0,6,1
18857,11,1,5,0
11817,18,1,1,0
8121,13,0,6,1
26199,6,1,3,0
15590,12,1,7,1
35726,5,0,4,1
4762,23,0,7,1
26251,18,0,3,0
45008,18,0,7,1
19949,3,1,2,1
19837,18,0,6,1
21032,8,0,6,1
22656,15,0,4,0
10200,3,0,7,1
20443,5,1,4,1
37309,7,1,7,1
46737,23,0,6,1
46986,15,0,2,1
27800,4,0,7,1
8643,20,0,4,0
17408,21,0,1,0
16657,9,0,6,1
37431,22,1,3,1
24861,12,0,3,0
28124,13,1,2,0
20645,6,0,1,0
44244,19,0,4,1
49427,5,1,7,1
26903,6,0,6,1
8233,4,1,3,1
20711,20,0,3,0
41219,17,0,3,1
36545,22,1,3,1
13753,11,0,5,0
30865,5,1,2,1
29615,0,1,4,1
22992,3,0,6,1
43036,18,0,6,1
33211,11,0,6,1
48810,14,0,4,1
41853,2,1,2,1
9766,22,0,1,0
41613,19,0,7,1
33399,7,1,7,1
47148,10,0,2,1
42949,15,1,3,1
182,8,0,7,1
47802,2,1,3,1
3435,4,0,2,0
36588,19,0,2,1
35086,13,0,4,1
33793,14,0,4,1
40423,5,1,5,1
7263,3,0,6,1
44273,7,1,5,1
26169,18,0,6,1
2885,4,0,3,0
2788,12,0,5,0
42367,15,0,5,1
4184,0,0,1,0
25942,12,0,2,0
39651,21,1,4,1
8403,10,0,5,0
15740,20,0,4,0
1959,7,0,6,1
25753,7,0,5,0
14546,23,1,6,1
12112,13,0,5,0
9900,12,0,7,1
27751,2,0,3,0
34781,3,0,1,1
5203,19,0,6,1
10531,14,0,2,0
33784,14,0,2,1
939,20,0,3,0
19495,12,1,3,0
6511,8,0,7,1
38984,9,1,2,1
28255,11,0,6,1
23401,13,1,2,0
16056,0,0,1,0
44199,13,0,5,1
49162,13,0,1,1
10990,7,0,7,1
11308,15,0,7,1
24535,13,0,2,0
23813,0,0,5,0
40098,15,0,2,1
1117,17,0,1,0
20657,6,1,1,0
43933,14,0,6,1
9068,23,0,6,1
48571,16,0,1,1
46996,18,0,5,1
15237,22,0,7,1
37425,12,1,6,1
4035,8,0,6,1
43102,23,0,4,1
19613,23,0,4,0
47372,14,0,6,1
37356,2,1,2,1
18658,23,1,5,0
39189,0,0,3,1
1776,15,0,6,1
26632,7,0,4,0
5841,22,0,5,0
8508,12,0,5,0
17271,7,1,4,0
48556,16,0,5,1
21018,21,0,5,0
17120,22,0,4,0
27987,13,1,1,0
49558,20,0,6,1
41881,20,1,2,1
42983,6,0,3,1
47357,14,0,2,1
48390,15,1,1,1
37465,18,1,7,1
42820,5,0,1,1
20852,22,0,5,0
43651,0,1,2,1
10470,11,0,1,0
6692,17,0,2,0
19825,15,1,1,0
28804,11,0,3,0
43360,19,0,1,1
4407,12,0,2,0
21313,7,0,5,0
48417,21,0,2,1
13251,0,0,4,0
2789,20,0,2,0
13281,6,0,3,0
42328,14,0,6,1
42545,21,0,3,1
21218,12,1,3,0
32674,12,0,1,1
10685,8,1,3,0
10014,23,0,2,0
27835,14,1,6,1
29560,3,0,7,1
17311,12,0,5,0
19304,11,1,7,1
11442,4,1,3,1
12386,6,0,2,0
11989,7,1,1,0
27462,4,0,1,0
16726,8,1,5,0
9893,13,0,5,0
45641,11,0,2,1
25162,3,0,5,0
30648,19,0,5,1
35504,7,1,1,1
33051,16,0,2,1
27278,7,0,6,1
14479,20,0,5,0
18808,0,0,2,0
2322,19,0,3,0
17400,1,0,1,0
22588,3,1,6,1
3450,23,0,1,0
15421,20,0,1,0
37360,0,1,4,1
36341,6,0,2,1
18197,0,1,3,1
3341,8,1,5,0
35306,2,0,3,1
10942,11,0,2,0
34376,18,0,1,1
37508,14,0,4,1
38939,21,1,2,1
45016,15,0,6,1
37257,9,0,6,1
40338,21,0,2,1
26045,5,0,5,0
5459,16,0,3,0
42488,20,1,3,1
44924,21,0,5,1
44752,23,0,4,1
29873,16,0,1,0
7919,20,1,7,1
35774,18,0,7,1
22451,17,1,1,0
26008,10,0,6,1
10816,23,1,4,0
19818,6,0,5,0
30844,9,0,7,1
26195,6,0,2,0
10136,4,0,3,0
43253,11,0,2,1
26492,15,0,3,0
16462,20,0,2,0
25646,17,0,5,0
10305,2,1,5,1
42456,19,0,4,1
40574,14,1,2,1
23382,4,0,2,0
44674,12,0,4,1
15814,18,0,4,0
27613,11,0,5,0
22189,22,1,5,0
36420,20,0,6,1
5112,4,1,2,1
44695,5,1,5,1
7294,6,0,7,1
6422,9,1,5,0
39923,15,0,2,1
20015,7,1,4,0
45047,8,1,2,1
17006,3,0,7,1
40523,20,1,1,1
13944,20,0,2,0
45098,7,0,1,1
33432,6,0,2,1
4100,14,0,7,1
16759,20,0,1,0
15772,2,1,1,1
15260,16,0,7,1
49560,10,0,2,1
36595,8,0,6,1
38724,4,0,5,1
34539,9,1,3,1
17783,14,1,5,0
20130,13,1,1,0
36714,3,0,2,1
39759,20,0,2,1
46282,19,1,2,1
38064,1,1,2,1
41202,11,0,6,1
27300,0,0,3,0
20279,23,1,4,0
48187,19,1,1,1
16525,4,0,3,0
46462,5,1,5,1
43926,23,0,4,1
29061,10,0,4,0
8178,7,0,2,0
32500,6,0,3,1
18947,3,0,5,0
8218,5,0,2,0
6911,15,0,2,0
41808,19,1,7,1
13800,14,1,7,1
17038,13,0,7,1
3029,22,0,6,1
23574,11,1,1,0
7115,11,0,4,0
37734,15,1,5,1
23234,14,1,4,0
33415,12,0,3,1
23754,10,1,1,0
5672,16,1,2,0
18311,20,0,1,0
44982,14,0,2,1
28469,13,0,7,1
34517,9,0,1,1
25655,11,0,2,0
29221,15,0,4,0
22214,14,0,7,1
49918,9,1,7,1
46247,3,0,7,1
13846,22,0,4,0
36904,8,0,4,1
31370,20,0,4,1
715,19,0,7,1
32744,8,0,1,1
24280,20,0,2,0
23045,23,1,4,0
26834,19,1,1,0
14655,10,0,2,0
17513,10,0,7,1
8469,6,0,1,0
48002,20,1,7,1
33887,9,0,6,1
5313,3,1,4,1
48927,4,0,3,1
40769,4,0,1,1
45737,10,0,4,1
34181,8,1,5,1
37326,15,1,2,1
34573,8,0,6,1
569,21,0,4,0
31156,3,0,5,1
44554,1,0,1,1
10564,13,1,1,0
47506,2,1,5,1
7283,17,1,6,1
1152,20,1,5,0
647,5,0,2,0
46765,10,1,1,1
19707,20,1,5,0
45059,17,0,3,1
38599,11,1,3,1
43615,4,0,5,1
6306,8,1,2,0
43198,19,0,1,1
29451,17,0,3,0
41598,18,0,5,1
6604,2,0,7,1
12714,8,0,5,0
42417,3,0,4,1
48329,16,0,5,1
24436,16,0,2,0
4896,22,1,3,0
26255,22,1,4,0
25620,1,0,3,0
30305,8,1,3,1
21232,8,0,2,0
39423,4,1,5,1
43069,14,0,2,1
16093,14,0,5,0
45582,2,0,4,1
35804,18,0,2,1
450,2,1,2,1
19289,5,1,7,1
10466,3,0,6,1
3462,23,0,1,0
16490,12,1,2,0
24456,12,1,6,1
1925,10,0,1,0
37116,4,0,7,1
36586,0,0,5,1
5802,8,0,5,0
21267,16,0,5,0
12539,21,0,6,1
1403,0,1,6,1
27036,2,0,1,0
21421,14,1,5,0
39415,20,1,3,1
14741,22,1,2,0
4361,9,0,6,1
48125,7,1,6,1
10844,11,0,6,1
2984,21,0,1,0
16456,14,0,5,0
10444,8,0,3,0
26922,23,1,2,0
41758,9,1,2,1
41143,19,0,5,1
20850,8,0,3,0
43447,14,0,1,1
37959,22,0,6,1
21402,20,1,6,1
36489,20,0,7,1
28362,0,1,5,1
40110,1,0,2,1
15488,18,0,6,1
23435,13,0,7,1
45049,7,0,2,1
18532,5,0,2,0
32521,11,1,5,1
47329,14,1,4,1
43927,13,0,7,1
41262,20,0,4,1
48423,0,0,4,1
13076,10,0,7,1
42139,2,0,3,1
19698,18,0,5,0
5485,17,1,7,1
8543,19,1,2,0
6741,1,1,7,1
2813,6,0,6,1
20439,7,1,7,1
31548,18,0,3,1
36059,21,0,4,1
35875,14,1,1,1
16984,9,0,3,0
5624,21,0,3,0
38229,0,1,5,1
1637,5,1,6,1
42832,12,1,3,1
38738,13,0,7,1
11738,2,0,6,1
4459,10,1,5,0
5833,2,0,7,1
33530,18,0,1,1
26801,9,0,2,0
38224,14,0,2,1
12091,10,0,4,0
23277,14,0,4,0
35251,23,0,1,1
36119,12,0,2,1
16704,4,0,4,0
26420,3,0,6,1
29532,12,1,3,0
11636,8,0,5,0
5372,16,0,7,1
13982,1,1,4,1
29349,23,0,1,0
25229,4,0,7,1
5307,15,0,2,0
46551,6,1,1,1
46186,0,1,5,1
9827,11,1,5,0
11299,20,1,1,0
21440,10,0,4,0
20419,11,0,4,0
12931,18,0,2,0
9637,11,0,6,1
28314,11,1,2,0
8841,13,0,3,0
41523,1,0,6,1
22425,1,1,7,1
22661,3,0,3,0
42076,19,0,2,1
7883,22,0,6,1
47063,15,0,6,1
15804,9,0,3,0
42098,12,0,1,1
12627,1,0,4,0
31145,2,1,6,1
21298,18,1,7,1
35332,5,0,7,1
36787,18,0,6,1
31941,20,1,3,1
24174,19,1,6,1
4616,18,0,3,0
2246,7,0,1,0
31165,13,1,7,1
49991,9,0,6,1
19909,2,0,5,0
11395,5,0,2,0
34127,14,0,7,1
914,22,0,1,0
12105,22,0,5,0
38207,17,1,7,1
19797,13,0,1,0
44534,18,0,4,1
12028,9,0,1,0
24649,14,1,1,0
35821,3,0,4,1
46992,22,0,6,1
46590,1,0,2,1
17665,2,1,5,1
40777,6,0,7,1
44798,22,0,3,1
39399,15,0,2,1
29427,9,1,7,1
30081,18,0,1,1
49623,16,1,3,1
42783,18,1,4,1
11810,4,1,2,1
47740,22,0,6,1
33764,19,1,5,1
25812,12,0,2,0
34382,12,0,2,1
40150,10,1,6,1
4994,10,0,3,0
48875,15,0,4,1
13927,14,0,6,1
30040,16,0,7,1
42957,21,0,4,1
34126,17,1,6,1
49588,18,1,2,1
3308,3,0,4,0
31679,21,0,3,1
37629,21,1,3,1
23008,22,0,5,0
39515,4,0,4,1
20367,6,0,5,0
15825,1,0,7,1
11089,0,0,6,1
29147,11,0,1,0
34257,9,0,7,1
22603,7,0,3,0
44452,0,0,2,1
105,11,1,3,0
23211,1,1,1,1
32923,9,0,2,1
36019,21,0,4,1
15234,16,1,4,0
719,2,0,7,1
12713,6,1,3,0
25368,11,0,2,0
33784,7,1,6,1
16741,19,0,2,0
18572,11,0,5,0
11706,2,1,1,1
15943,16,0,7,1
45907,8,0,4,1
16543,9,0,3,0
3682,21,1,2,0
30386,5,0,4,1
23162,0,0,3,0
38502,21,0,4,1
13316,11,0,3,0
16990,4,0,4,0
24053,12,0,6,1
32922,14,0,5,1
34865,21,0,1,1
30919,10,0,4,1
49347,7,0,1,1
17307,4,0,4,0
16732,1,0,7,1
19672,11,1,2,0
30458,1,0,5,1
8887,15,1,7,1
15457,20,0,6,1
29359,2,0,5,0
6432,9,0,1,0
27704,18,0,2,0
18945,7,1,3,0
33601,6,1,7,1
21426,0,1,5,1
420,11,0,6,1
48726,4,0,7,1
536,15,0,2,0
23812,3,1,2,1
26663,16,0,1,0
47318,23,0,6,1
3246,20,0,2,0
42370,1,0,2,1
29451,11,1,3,0
35079,0,0,1,1
10863,11,0,1,0
41966,11,0,6,1
8622,11,1,2,0
47826,18,0,3,1
28275,16,1,4,0
45903,19,0,5,1
49440,23,1,7,1
32325,23,1,1,1
6893,10,0,3,0
1155,12,0,6,1
43259,7,0,3,1
31689,9,0,2,1
42537,7,1,5,1
18101,19,0,1,0
28758,7,0,4,0
35509,8,0,2,1
11914,6,0,1,0
34814,13,1,7,1
1475,1,0,6,1
49196,10,1,1,1
6899,7,1,3,0
36065,12,0,7,1
19026,20,0,5,0
34308,14,1,4,1
47128,2,0,5,1
31163,22,0,3,1
15451,13,0,4,0
12934,14,0,4,0
18874,1,1,2,1
37613,18,0,4,1
34464,11,0,1,1
16192,19,1,5,0
47124,3,1,6,1
49642,2,0,6,1
6006,4,1,5,1
13978,2,0,2,0
9771,14,1,4,0
11207,18,0,3,0
35185,1,0,7,1
6746,11,1,7,1
27912,4,0,1,0
5240,21,1,2,0
4713,16,0,7,1
39880,13,1,4,1
4381,21,1,6,1
44698,9,0,3,1
28599,2,1,4,1
16296,3,0,2,0
25811,5,1,3,1
3312,23,0,7,1
46138,21,1,3,1
7086,15,0,3,0
22372,6,0,3,0
19181,14,0,7,1
4727,20,0,4,0
8022,19,1,3,0
15379,10,0,4,0
37082,21,0,3,1
35951,20,0,3,1
44430,0,0,2,1
20543,4,0,4,0
18645,12,1,6,1
21973,20,1,4,0
46976,13,0,5,1
9785,8,0,7,1
34507,16,0,6,1
42581,14,0,2,1
7777,20,0,4,0
7814,6,1,2,0
45821,21,0,6,1
27649,21,1,2,0
868,11,0,2,0
47257,22,0,1,1
47895,5,0,4,1
37339,20,0,2,1
33942,15,0,1,1
5710,4,1,1,1
29571,8,0,3,0
38459,13,1,3,1
34520,7,0,7,1
18435,13,0,6,1
23346,11,0,4,0
23666,9,0,3,0
26432,19,0,6,1
11189,19,0,4,0
32110,20,0,6,1
22469,12,0,7,1
27835,18,0,7,1
15752,14,0,1,0
29267,7,0,1,0
39341,22,1,4,1
12447,20,0,6,1
40929,9,1,6,1
35219,2,0,3,1
26990,20,1,3,0
42299,2,0,4,1
28391,4,1,5,1
10117,15,0,3,0
46194,16,1,2,1
13874,5,0,3,0
13494,19,0,5,0
45697,19,0,6,1
48930,15,0,1,1
33357,23,0,1,1
11024,1,0,6,1
46664,19,0,1,1
38433,14,1,3,1
29340,17,0,7,1
16066,0,1,1,1
32162,18,0,7,1
28563,11,0,5,0
3006,7,1,7,1
8127,5,1,5,1
36540,11,1,3,1
44877,6,0,6,1
37905,17,0,2,1
43156,21,0,3,1
34988,13,0,1,1
36209,7,0,3,1
39760,23,1,5,1
18050,19,1,3,0
13856,21,0,3,0
47610,13,0,2,1
12859,4,1,5,1
14905,8,0,4,0
41926,7,0,4,1
29438,1,0,5,0
6508,15,0,4,0
35574,12,1,1,1
6903,6,0,4,0
40527,15,0,1,1
32272,6,0,5,1
18370,13,1,4,0
28668,13,1,4,0
45665,11,0,6,1
17402,0,0,7,1
7347,0,0,1,0
27990,11,0,1,0
49074,19,0,3,1
3253,20,0,2,0
39317,14,0,4,1
37991,3,0,6,1
17323,6,0,2,0
25418,15,1,7,1
11700,2,0,7,1
31034,6,0,6,1
41991,23,1,2,1
7432,21,0,4,0
851,5,1,7,1
41052,15,0,6,1
46715,23,0,1,1
48015,7,1,3,1
19783,22,0,6,1
10019,21,1,5,0
36019,5,0,7,1
16783,9,0,7,1
32499,15,0,4,1
26193,10,0,4,0
25755,12,0,5,0
28413,5,0,7,1
30770,23,0,2,1
10022,0,0,3,0
33401,20,1,2,1
45537,18,0,5,1
36195,11,1,5,1
22462,23,0,3,0
24128,5,0,5,0
22630,17,1,5,0
14905,12,0,7,1
36219,6,0,6,1
46454,22,0,7,1
19619,12,0,3,0
48556,20,0,4,1
25788,7,1,2,0
6822,20,0,4,0
24924,16,1,4,0
19781,8,0,6,1
10181,19,0,2,0
838,12,0,4,0
16234,1,1,3,1
30947,3,1,2,1
2939,1,0,1,0
9619,3,0,6,1
21707,17,0,4,0
10191,4,0,5,0
19706,18,0,2,0
21668,9,1,1,0
11984,17,0,5,0
42587,20,1,1,1
23336,9,0,4,0
7662,4,0,5,0
32119,16,0,4,1
16255,21,1,5,0
27381,12,1,2,0
13984,22,0,7,1
10145,16,0,3,0
26008,8,0,7,1
37058,23,0,3,1
18756,11,0,7,1
43566,13,1,1,1
38116,13,0,6,1
31522,7,1,5,1
34679,22,0,4,1
46960,4,0,6,1
23054,18,1,2,0
20481,13,0,2,0
40138,8,1,2,1
44185,6,0,3,1
38065,7,0,4,1
34552,13,1,2,1
31435,21,1,2,1
4713,13,0,7,1
38727,10,0,1,1
12868,13,1,5,0
22736,20,1,5,0
24027,7,0,5,0
49882,2,1,6,1
40981,22,0,7,1
18504,17,0,7,1
13408,2,0,1,0
6718,12,0,3,0
45834,11,1,6,1
40819,14,0,1,1
9971,17,1,2,0
35009,4,0,4,1
32378,6,1,6,1
8909,10,1,6,1
24020,10,0,2,0
8922,14,0,2,0
19280,9,0,4,0
26758,14,1,5,0
18897,12,1,6,1
27155,13,0,1,0
4972,16,1,3,0
4442,12,0,2,0
13591,9,0,2,0
19601,0,1,3,1
19431,0,0,1,0
47833,14,1,2,1
36045,15,0,3,1
22998,11,0,7,1
26778,23,0,2,0
2074,5,0,5,0
16763,5,1,5,1
2536,11,0,2,0
1205,14,0,7,1
10132,3,0,2,0
37295,23,0,5,1
18619,3,1,7,1
7136,1,0,2,0
2367,23,0,7,1
36439,11,1,1,1
4541,6,0,1,0
15966,19,1,4,0
15298,8,0,1,0
2561,8,0,6,1
24276,7,1,7,1
25075,13,1,6,1
42364,0,0,6,1
48430,22,0,2,1
7898,20,0,2,0
14324,22,0,3,0
31008,11,1,7,1
35283,1,0,6,1
16354,12,0,6,1
48487,3,1,1,1
11344,19,0,5,0
26475,17,0,7,1
3225,18,1,5,0
40667,15,1,7,1
45291,13,0,7,1
27825,7,0,4,0
9475,11,0,3,0
26063,8,0,5,0
27978,5,0,4,0
45040,17,1,1,1
41262,1,1,3,1
8260,22,1,3,0
2809,7,0,6,1
16141,23,1,7,1
52,13,0,7,1
41008,5,0,2,1
30210,9,0,7,1
20757,7,0,7,1
15298,16,1,7,1
5823,11,0,6,1
12836,16,0,1,0
15087,12,1,7,1
1935,18,0,6,1
39878,11,1,3,1
16381,15,0,6,1
40662,4,0,7,1
22545,15,1,4,0
13500,5,0,6,1
9541,10,0,5,0
9318,16,0,1,0
27807,22,0,1,0
41957,13,0,3,1
6841,5,0,6,1
39989,22,0,3,1
28364,10,1,3,0
28633,11,0,4,0
21600,12,0,2,0
143,3,0,3,0
35805,6,1,2,1
45665,1,1,2,1
10017,5,1,1,1
16268,5,1,5,1
43270,17,0,5,1
8677,19,0,6,1
4997,7,0,4,0
39469,7,0,4,1
23228,7,0,5,0
28926,7,0,6,1
22958,0,1,7,1
35962,1,1,5,1
20021,11,0,6,1
32634,14,1,6,1
49278,3,0,6,1
9009,2,0,6,1
28311,13,0,1,0
41115,21,0,1,1
39512,22,0,5,1
15885,7,1,6,1
19307,12,0,3,0
3396,22,0,6,1
30857,18,0,3,1
30468,21,0,1,1
11390,4,1,6,1
33062,12,0,2,1
35443,19,1,5,1
36667,0,1,6,1
9647,15,0,4,0
25607,22,0,3,0
7787,23,1,7,1
46842,1,1,7,1
44818,6,0,6,1
41151,5,1,2,1
17326,4,1,3,1
7360,3,0,2,0
35217,1,0,7,1
37458,9,1,5,1
19394,21,0,7,1
10441,4,0,5,0
10942,17,0,5,0
11247,9,0,1,0
13100,22,0,7,1
36192,21,1,7,1
45729,14,0,2,1
41665,8,0,6,1
47603,10,0,4,1
43778,20,0,4,1
13585,16,0,5,0
41052,20,0,4,1
43321,8,0,3,1
5172,22,0,2,0
9902,15,0,2,0
5437,5,0,2,0
31809,21,1,3,1
40449,10,0,6,1
40044,22,0,1,1
37926,16,1,3,1
34928,3,0,2,1
33775,14,0,2,1
7196,0,0,7,1
610,21,0,2,0
1362,19,1,6,1
18255,0,1,4,1
11645,8,0,1,0
22080,11,0,3,0
21379,3,0,2,0
38192,21,1,7,1
2701,12,1,7,1
10056,6,0,5,0
42751,7,0,1,1
48990,12,0,7,1
35695,10,0,5,1
22016,8,0,1,0
27896,23,0,2,0
21824,15,0,1,0
4133,9,1,1,0
33563,10,1,2,1
8799,11,0,6,1
30833,13,0,7,1
17375,18,1,5,0
18730,11,0,6,1
17373,17,0,5,0
22734,20,0,4,0
34543,16,0,7,1
12263,2,0,5,0
31881,0,0,5,1
42346,18,0,1,1
46980,3,0,4,1
27763,22,0,2,0
41671,15,0,2,1
7237,11,1,3,0
32850,20,0,4,1
32633,20,0,1,1
47711,12,0,3,1
14458,16,0,3,0
22419,7,0,2,0
47978,12,1,5,1
3464,19,0,1,0
19560,4,0,4,0
12170,17,1,3,0
34361,14,0,1,1
33089,11,0,2,1
5345,16,0,3,0
20510,14,0,3,0
15013,1,1,6,1
11630,5,0,2,0
22336,16,0,6,1
27378,15,1,2,0
19143,16,0,2,0
21655,19,0,6,1
45415,8,0,7,1
44863,4,0,1,1
46421,22,1,1,1
42755,0,1,7,1
47648,5,0,1,1
6772,23,0,5,0
41019,13,0,3,1
36962,16,0,1,1
38424,18,0,5,1
6816,0,0,3,0
49932,0,1,1,1
15978,12,1,2,0
21324,13,0,7,1
34466,5,0,4,1
20662,5,0,1,0
34948,0,1,4,1
47210,13,1,1,1
29097,2,1,2,1
43406,22,0,7,1
37184,9,0,7,1
1556,18,0,4,0
15272,18,0,5,0
12413,18,0,2,0
19663,22,0,4,0
44613,3,0,4,1
30678,19,0,6,1
42676,18,0,6,1
45434,9,0,2,1
4186,1,0,2,0
46296,3,0,2,1
11211,23,0,3,0
35507,5,0,5,1
23624,6,0,1,0
26952,15,1,6,1
2860,6,0,7,1
11713,17,0,7,1
6202,19,0,4,0
62,21,1,6,1
11212,18,0,1,0
22372,8,0,2,0
8049,19,0,7,1
7269,9,1,6,1
5378,12,1,5,0
3671,17,0,5,0
24306,15,1,3,0
44483,21,1,6,1
11364,16,0,2,0
702,21,0,4,0
16232,12,0,3,0
41630,11,1,2,1
36608,9,0,3,1
15709,0,1,6,1
34463,7,0,1,1
10485,20,0,7,1
28117,21,1,6,1
22308,17,0,2,0
28337,1,0,4,0
3738,15,0,4,0
7739,11,0,2,0
1429,8,0,3,0
37061,2,0,5,1
43055,21,0,2,1
27674,20,1,7,1
26014,3,1,6,1
22941,1,0,4,0
49148,7,1,1,1
38429,9,0,4,1
12566,15,0,5,0
13936,22,0,4,0
20357,10,1,5,0
24893,17,1,7,1
46534,21,0,2,1
5962,13,0,4,0
21564,7,0,3,0
21873,22,0,6,1
28847,14,0,3,0
6499,16,0,6,1
1775,20,1,4,0
15920,17,0,7,1
9354,5,1,4,1
7572,22,0,6,1
13713,13,0,7,1
4834,22,1,1,0
9522,2,1,7,1
29002,6,0,4,0
10105,14,0,1,0
29558,20,1,1,0
12726,23,0,6,1
25242,15,0,1,0
24772,15,0,1,0
7496,7,1,2,0
4775,6,1,7,1
20111,5,1,3,1
47587,1,0,1,1
22721,21,0,3,0
1459,12,0,1,0
8255,11,1,3,0
16415,14,0,4,0
306,8,0,4,0
15754,1,0,3,0
29952,16,0,7,1
35808,4,1,1,1
1245,10,0,2,0
34062,21,1,7,1
11465,18,0,3,0
39584,23,1,7,1
21736,6,1,5,0
11712,1,0,2,0
49028,15,1,5,1
28793,11,0,3,0
32211,22,1,1,1
43131,14,1,7,1
2452,0,1,7,1
49698,12,0,5,1
13325,22,0,7,1
28232,5,0,3,0
14965,12,0,2,0
959,17,1,1,0
48624,2,1,5,1
422,0,1,7,1
22670,14,0,3,0
34162,12,1,1,1
8565,4,1,1,1
2481,12,1,4,0
21104,21,0,1,0
32674,4,0,3,1
10635,18,0,2,0
48280,20,0,6,1
32008,23,0,4,1
1745,17,1,3,0
34725,20,0,3,1
49982,21,0,3,1
33837,9,0,5,1
44275,23,1,7,1
1453,7,1,5,0
17860,14,1,2,0
8905,20,0,3,0
38686,19,0,7,1
10889,22,1,5,0
60,21,0,5,0
39148,3,0,5,1
47879,1,0,2,1
9280,23,0,2,0
40282,5,1,3,1
47564,2,0,4,1
35821,6,0,3,1
29306,9,0,5,0
25701,22,0,6,1
32433,5,0,7,1
40013,15,0,5,1
13712,1,0,1,0
13789,23,0,6,1
48406,16,0,6,1
1839,12,0,7,1
19470,0,0,3,0
23811,5,0,5,0
40416,4,1,5,1
37656,12,0,4,1
38690,22,0,1,1
44185,17,0,3,1
37117,11,1,2,1
17407,6,0,3,0
39901,14,0,6,1
38312,2,1,3,1
11367,15,1,4,0
21584,0,1,3,1
25784,15,0,4,0
35947,23,0,6,1
32922,11,0,4,1
40251,18,1,7,1
7739,7,0,7,1
3617,22,0,5,0
20782,11,1,2,0
20824,14,1,6,1
23245,1,1,4,1
37462,16,1,1,1
47784,6,1,6,1
44148,12,0,1,1
22307,0,1,2,1
4444,5,1,4,1
36352,12,0,6,1
22278,10,0,6,1
12438,9,1,2,0
11369,15,0,5,0
6525,23,1,1,0
31605,22,0,6,1
18208,19,0,3,0
14778,16,0,1,0
44824,16,0,4,1
29595,3,0,2,0
31150,4,0,1,1
16200,22,0,3,0
33264,13,0,7,1
32926,19,0,3,1
3289,9,0,2,0
38749,13,1,2,1
36871,0,0,7,1
30665,10,0,1,1
13796,22,0,4,0
20971,17,0,5,0
22795,15,0,3,0
1295,17,0,2,0
46657,7,1,5,1
24903,9,1,5,0
27682,9,1,5,0
12906,4,0,4,0
5155,9,0,2,0
35740,17,0,3,1
2563,20,1,2,0
2851,23,1,1,0
32395,5,0,3,1
13945,2,0,2,0
39799,7,0,3,1
8271,8,1,1,0
6088,4,1,6,1
32081,1,0,3,1
15132,1,1,6,1
14698,6,0,5,0
414,16,1,7,1
34618,9,1,4,1
14160,11,1,1,0
6008,1,0,3,0
9146,9,0,1,0
7486,19,0,5,0
21227,0,0,6,1
26804,3,1,4,1
24594,12,0,1,0
12688,11,0,6,1
229,10,1,5,0
3923,9,0,5,0
17620,14,0,5,0
48273,4,0,7,1
17207,16,0,6,1
45615,4,0,3,1
4510,1,1,2,1
48134,8,0,1,1
402,5,1,7,1
21636,17,0,2,0
5394,13,0,5,0
4557,18,0,2,0
37648,13,0,6,1
44038,7,0,5,1
32935,16,0,7,1
16915,2,0,5,0
37105,9,0,4,1
27263,16,0,4,0
4527,10,0,7,1
6583,7,1,6,1
49445,0,1,6,1
23446,12,0,2,0
12805,20,0,7,1
915,3,1,1,1
11223,6,0,7,1
38147,13,1,2,1
33421,4,0,6,1
38574,23,1,1,1
11304,10,0,7,1
4068,16,1,2,0
5242,4,0,3,0
2065,19,0,3,0
42668,2,0,1,1
3430,4,0,4,0
28393,14,1,1,0
3820,18,0,2,0
5879,15,1,5,0
34431,7,0,3,1
45965,12,1,5,1
15595,15,0,3,0
18313,2,1,2,1
38190,0,1,3,1
43356,8,0,1,1
25725,8,1,5,0
25412,21,1,6,1
198,16,0,5,0
1804,23,0,2,0
26795,1,0,6,1
7428,8,1,5,0
46409,23,0,7,1
20190,18,0,2,0
9421,12,0,7,1
27049,4,0,4,0
12829,8,1,1,0
31125,12,1,3,1
30747,0,0,7,1
9845,14,0,3,0
38510,3,1,3,1
4268,3,0,4,0
37621,19,0,1,1
11722,9,0,5,0
31092,5,0,7,1
36000,23,0,5,1
11059,11,1,1,0
47146,19,0,6,1
19594,15,1,1,0
29431,2,0,3,0
25337,13,0,5,0
2636,0,1,1,1
2698,9,0,5,0
40131,14,0,1,1
18151,6,0,2,0
45362,3,0,7,1
21742,13,1,3,0
7457,23,0,1,0
17304,15,1,4,0
15284,13,0,1,0
22261,2,0,2,0
29530,16,1,4,0
47830,20,1,4,1
24896,13,0,1,0
42553,17,0,2,1
46243,2,0,4,1
48516,21,0,7,1
15371,18,1,3,0
12696,2,1,6,1
22167,11,0,3,0
4943,21,1,5,0
9526,4,0,5,0
17320,9,0,2,0
21752,8,0,4,0
4432,0,1,3,1
1835,12,1,3,0
45848,2,0,6,1
11785,18,0,2,0
30227,10,1,7,1
30762,15,0,4,1
16729,5,0,2,0
43063,23,1,1,1
35415,2,1,3,1
17114,18,0,2,0
30613,5,0,2,1
33142,7,0,6,1
47978,21,0,7,1
26917,12,1,1,0
45432,11,0,5,1
33804,9,1,3,1
19552,2,0,6,1
810,3,0,7,1
24192,0,0,7,1
44703,12,1,2,1
42046,23,0,3,1
17340,3,0,5,0
5549,21,0,7,1
414,10,0,2,0
19847,18,0,7,1
40845,10,0,1,1
32585,11,0,7,1
46350,10,0,3,1
47226,5,0,7,1
16155,11,0,7,1
7989,8,0,6,1
13986,9,0,1,0
42079,2,0,5,1
15913,2,1,5,1
12611,19,0,3,0
10497,22,0,5,0
30674,15,0,4,1
46990,2,1,6,1
44696,9,1,3,1
12461,23,0,7,1
19515,10,0,4,0
38266,7,0,5,1
19692,5,1,7,1
31312,19,1,3,1
30413,10,0,4,1
2157,20,1,5,0
7978,11,1,2,0
48052,15,0,2,1
19367,17,0,1,0
49128,12,0,2,1
25067,21,0,4,0
13578,2,1,6,1
13363,14,0,2,0
1609,21,1,3,0
15217,20,1,3,0
15393,13,0,3,0
38648,17,0,2,1
7573,13,1,7,1
49827,4,1,2,1
28489,20,1,1,0
15574,13,0,6,1
13335,7,0,7,1
11023,22,0,6,1
22744,14,1,7,1
35824,14,0,7,1
4352,18,1,5,0
22441,19,0,1,0
4661,5,1,4,1
9422,18,0,3,0
24362,7,0,2,0
14130,5,0,5,0
15132,19,0,5,0
47459,22,0,7,1
42911,14,0,2,1
30727,2,0,1,1
20924,9,0,5,0
8428,14,1,6,1
1647,23,0,1,0
11650,15,0,2,0
3797,16,1,7,1
13929,18,0,1,0
13067,10,1,7,1
24865,15,0,6,1
19014,4,0,3,0
28862,4,0,7,1
40250,13,0,7,1
24764,17,0,2,0
18940,7,0,6,1
4775,4,0,2,0
43255,6,0,6,1
20734,15,0,6,1
26375,22,0,5,0
32592,13,0,5,1
46087,4,0,5,1
13142,23,0,3,0
30432,8,0,3,1
39820,3,0,6,1
25507,3,0,4,0
6181,15,0,2,0
46079,23,0,5,1
25265,16,0,2,0
12662,14,0,7,1
37355,3,0,6,1
13141,5,0,1,0
35153,15,0,6,1
37139,3,0,3,1
29809,5,1,4,1
46072,4,1,1,1
609,15,0,2,0
763,15,0,3,0
37411,9,0,5,1
15234,8,1,1,0
15311,3,0,3,0
20422,13,1,2,0
32190,3,0,6,1
33074,11,0,2,1
47392,23,0,1,1
32594,9,0,1,1
87,3,0,6,1
43082,17,0,1,1
12747,12,0,4,0
41470,12,1,5,1
48748,13,0,3,1
31757,17,0,6,1
26066,0,0,2,0
34650,20,1,2,1
48335,15,1,5,1
24034,14,0,1,0
5217,21,0,1,0
482,4,0,2,0
4201,5,0,5,0
47730,5,0,2,1
6461,2,1,1,1
30838,15,0,6,1
26673,11,0,3,0
22154,3,0,1,0
306,0,1,6,1
33489,3,0,3,1
33307,0,0,7,1
39707,20,0,4,1
44724,7,0,5,1
18116,23,1,6,1
45421,4,0,4,1
32796,1,1,1,1
2510,11,0,7,1
37347,21,0,5,1
34793,16,1,6,1
3266,6,0,7,1
14317,10,0,1,0
9631,3,0,5,0
4565,4,0,5,0
22126,5,0,1,0
44866,10,1,1,1
9826,0,1,7,1
21997,9,0,7,1
3013,19,0,6,1
6836,23,0,5,0
13916,20,0,6,1
39018,10,0,7,1
32355,23,0,5,1
17410,16,0,6,1
40163,7,0,1,1
32863,12,0,1,1
1243,19,0,2,0
4562,17,1,7,1
22716,21,0,6,1
16680,15,0,2,0
9033,1,0,2,0
686,4,0,4,0
3825,17,0,5,0
2471,2,0,3,0
13075,21,1,4,0
9330,16,0,7,1
37001,15,0,5,1
11401,5,0,3,0
49914,18,1,2,1
38141,6,1,3,1
45706,17,1,1,1
30221,13,0,7,1
3694,5,1,1,1
16192,7,0,6,1
7823,14,0,5,0
28516,14,1,4,0
10828,14,1,7,1
12551,15,0,2,0
47227,0,0,7,1
2158,10,0,5,0
29419,4,0,2,0
36432,4,0,1,1
25868,20,1,7,1
10301,5,0,4,0
23391,1,1,4,1
11728,5,1,1,1
14417,13,0,3,0
29722,10,1,4,0
4382,3,0,3,0
12052,23,0,2,0
20334,8,0,4,0
15750,23,0,6,1
13819,2,1,1,1
29368,15,1,7,1
24373,10,0,3,0
27660,3,1,6,1
7013,0,0,2,0
7888,20,1,2,0
45217,21,0,4,1
12293,15,0,4,0
27989,18,0,6,1
1895,15,0,5,0
46760,10,0,5,1
16816,7,1,4,0
36930,22,0,5,1
12830,0,1,1,1
48508,20,1,6,1
42906,8,0,1,1
1559,11,0,5,0
24007,21,1,4,0
45222,7,0,1,1
34396,16,0,2,1
17313,9,0,7,1
46924,6,0,4,1
26198,18,1,6,1
31583,5,0,3,1
42658,20,0,3,1
12981,23,0,4,0
1409,23,1,5,0
24582,18,1,1,0
20394,17,0,1,0
4292,14,0,4,0
20651,1,0,2,0
49282,13,0,6,1
19166,20,0,5,0
35527,9,1,2,1
30832,15,0,4,1
45609,6,0,4,1
49869,7,1,2,1
18930,9,0,3,0
3549,14,0,4,0
31637,7,0,6,1
44508,12,0,7,1
26070,11,1,5,0
8130,7,0,2,0
23257,14,0,3,0
34007,11,0,2,1
13958,10,1,3,0
30702,18,0,3,1
30394,13,0,6,1
25084,17,1,5,0
25838,12,0,4,0
12801,3,1,3,1
47532,16,0,4,1
33843,18,0,5,1
32889,8,0,4,1
38364,22,0,6,1
35503,6,0,6,1
9435,0,0,1,0
18282,6,0,6,1
43394,6,0,3,1
34840,19,0,5,1
15881,6,1,6,1
20175,7,0,2,0
45758,15,1,5,1
17732,2,0,3,0
36920,12,0,5,1
17338,9,0,6,1
35844,17,1,2,1
39527,6,1,1,1
24455,20,0,3,0
38787,20,1,7,1
2670,4,0,3,0
35464,22,0,5,1
37683,23,1,7,1
35107,21,1,7,1
40188,6,1,4,1
13904,21,0,7,1
9727,16,0,4,0
44161,3,0,7,1
24124,23,0,2,0
17874,22,1,1,0
815,15,0,1,0
45489,18,0,7,1
31665,9,0,5,1
48976,2,0,5,1
36910,2,0,4,1
13025,16,0,6,1
9391,9,1,1,0
28191,16,0,6,1
12384,21,1,1,0
48895,16,0,6,1
15885,20,0,6,1
26598,3,0,1,0
35484,20,1,2,1
25089,22,0,2,0
32580,5,0,5,1
38786,11,0,6,1
40459,21,0,6,1
18615,19,1,6,1
9884,16,1,6,1
36706,16,0,6,1
890,9,0,4,0
13923,6,1,3,0
31618,15,0,6,1
10896,12,0,4,0
5949,2,0,2,0
20552,1,0,6,1
615,15,0,2,0
38823,5,1,5,1
41974,5,0,3,1
43292,12,0,1,1
9237,6,1,3,0
7276,4,0,6,1
42197,23,0,6,1
38708,6,0,3,1
45931,1,0,3,1
4361,16,1,5,0
44264,12,1,7,1
41666,20,0,2,1
25739,20,1,1,0
6133,15,0,7,1
12648,19,1,3,0
16990,1,0,1,0
26930,4,0,3,0
2630,17,0,2,0
46662,6,0,1,1
42371,10,0,7,1
9436,10,0,4,0
19572,21,1,2,0
26274,16,0,7,1
14685,15,1,1,0
721,12,0,3,0
33595,21,0,7,1
26905,4,1,3,1
35840,19,0,2,1
46635,15,1,2,1
14310,21,1,7,1
1124,21,0,3,0
42726,15,0,1,1
9525,15,0,7,1
12928,13,0,4,0
15170,5,0,5,0
23197,1,1,2,1
2036,13,0,3,0
43643,15,0,1,1
32480,22,0,2,1
42011,19,1,1,1
17480,12,0,2,0
2226,14,0,3,0
18772,11,0,1,0
42865,8,1,3,1
49702,17,1,1,1
18667,20,0,2,0
27165,13,1,5,0
37426,19,0,5,1
11956,3,1,7,1
40052,7,0,4,1
6660,7,0,4,0
43342,21,0,7,1
49802,21,0,7,1
13461,15,1,6,1
9230,23,0,3,0
48043,9,1,1,1
10123,20,0,4,0
37301,16,0,2,1
31010,0,0,7,1
5951,17,0,5,0
38947,9,1,1,1
43233,20,0,6,1
4532,3,0,5,0
42504,0,0,7,1
25478,3,0,1,0
7450,3,1,7,1
39624,3,0,4,1
43334,16,1,4,1
7446,8,0,3,0
7388,18,0,6,1
42768,12,1,1,1
12550,3,0,6,1
11595,4,0,2,0
5291,12,0,6,1
23828,22,0,7,1
22871,15,1,7,1
4745,21,0,4,0
11580,4,1,3,1
47130,7,0,7,1
14368,15,0,4,0
22381,0,0,5,0
26405,22,0,4,0
11374,5,1,1,1
28199,10,0,3,0
3268,15,0,7,1
20191,4,1,1,1
36834,15,1,2,1
2887,6,0,2,0
49130,18,1,4,1
39852,0,0,3,1
40127,8,0,6,1
14429,17,0,3,0
4289,12,0,3,0
44946,14,0,3,1
20862,2,0,4,0
29719,23,0,1,0
48674,9,1,4,1
9661,8,1,6,1
4200,12,1,1,0
11159,15,0,6,1
34264,2,0,5,1
26066,21,0,5,0
11986,22,0,7,1
11086,14,0,7,1
39286,16,0,1,1
14071,13,1,4,0
36993,6,0,6,1
48208,19,0,6,1
37898,15,0,7,1
15521,20,0,7,1
47711,7,0,2,1
23294,3,0,6,1
48827,19,0,4,1
39035,23,0,2,1
38490,14,0,4,1
1552,4,1,3,1
34228,12,1,6,1
3820,5,0,3,0
42915,4,0,5,1
4051,16,1,5,0
20996,6,0,1,0
648,5,0,6,1
30366,1,0,7,1
25617,10,0,2,0
26558,6,1,3,0
43794,21,1,4,1
39209,20,0,6,1
30326,7,0,1,1
23721,4,0,4,0
16500,17,0,3,0
14958,21,1,6,1
44408,15,0,7,1
49097,13,0,3,1
35568,11,1,6,1
31262,16,1,6,1
42734,4,1,3,1
6856,13,0,3,0
39247,5,0,4,1
40941,14,0,1,1
18065,6,0,3,0
39270,13,1,5,1
17208,17,0,1,0
15506,0,1,5,1
