monthly_income,emi,monthly_expense,savings,risk_level
30795,15692,19968,-4865,Medium
15860,8597,9568,-2305,Medium
91820,19653,35483,36684,Low
69886,14398,47131,8357,Medium
21265,8622,9870,2773,Medium
97386,29752,57720,9914,Medium
52194,27137,18234,6823,Medium
59131,32522,34044,-7435,Medium
75263,20826,36418,18019,Low
31023,6776,24614,-367,Medium
56090,27498,18744,9848,Medium
82221,19519,45317,17385,Low
79820,40812,45901,-6893,Medium
15769,4917,11590,-738,Medium
74735,32418,48172,-5855,Medium
77955,11519,54594,11842,Medium
79925,32923,61240,-14238,Medium
82969,27038,67812,-11881,Medium
20311,7988,9918,2405,Medium
98104,18051,61100,18953,Medium
68707,32184,55244,-18721,Medium
43693,23218,39047,-18572,High
86932,18114,72476,-3658,Medium
40658,6011,21259,13388,Low
99478,11123,41492,46863,Low
33431,14073,19845,-487,Medium
17747,7161,13221,-2635,Medium
74150,27683,44159,2308,Medium
80725,17434,47620,15671,Low
99654,29443,80016,-9805,Medium
50773,20168,26241,4364,Medium
82435,28718,67256,-13539,Medium
71886,42692,39111,-9917,Medium
81803,13760,40651,27392,Low
46551,20834,26645,-928,Medium
26394,7975,19992,-1573,Medium
84092,26413,31585,26094,Medium
18890,8666,7893,2331,Medium
56606,25258,49296,-17948,Medium
95038,56607,38518,-87,Medium
25627,4207,16417,5003,Medium
23792,3617,15407,4768,Medium
88969,41118,52827,-4976,Medium
58001,22573,39837,-4409,Medium
91552,21705,40090,29757,Low
38897,5434,24567,8896,Medium
83148,11875,43511,27762,Low
38483,21053,26822,-9392,Medium
63555,12452,24451,26652,Low
32159,8415,20663,3081,Medium
95077,20282,39092,35703,Low
50920,14130,23789,13001,Low
82121,11062,35412,35647,Low
84479,30372,34611,19496,Medium
34457,4610,27408,2439,Medium
81557,40793,38447,2317,Medium
92189,19991,78939,-6741,Medium
93953,34763,82862,-23672,Medium
67995,36719,43704,-12428,Medium
55757,23721,21511,10525,Medium
24692,9049,12956,2687,Medium
60758,15928,47308,-2478,Medium
87409,23294,45490,18625,Low
86211,37479,30364,18368,Medium
80697,48181,51167,-18651,Medium
52065,22435,42020,-12390,Medium
47606,18037,37016,-7447,Medium
26534,12346,10748,3440,Medium
55397,18425,38980,-2008,Medium
16016,2083,6923,7010,Low
70591,26905,30419,13267,Medium
38247,22137,31532,-15422,High
39300,7374,17677,14249,Low
89065,39634,40787,8644,Medium
97798,19605,29377,48816,Low
24268,8928,19958,-4618,Medium
27185,4032,21083,2070,Medium
78704,25593,53235,-124,Medium
54099,25863,40582,-12346,Medium
23571,6453,9221,7897,Low
53044,22939,30499,-394,Medium
66214,32956,33817,-559,Medium
76228,42961,27157,6110,Medium
63984,13905,37857,12222,Low
55774,16713,47544,-8483,Medium
17568,3095,5692,8781,Low
77592,46263,36846,-5517,Medium
82563,46524,35050,989,Medium
17695,6546,7836,3313,Medium
63190,32923,53399,-23132,High
20258,7302,11766,1190,Medium
54504,22444,31600,460,Medium
48159,6961,36424,4774,Medium
28986,13844,11382,3760,Medium
76858,12593,45527,18738,Low
27666,14193,15437,-1964,Medium
53660,26347,35316,-8003,Medium
18561,8433,16699,-6571,Medium
41854,4942,31878,5034,Medium
79505,20000,42830,16675,Low
67251,15572,53567,-1888,Medium
37662,10547,15156,11959,Low
23392,3364,7445,12583,Low
45535,25885,19246,404,Medium
93603,35279,47199,11125,Medium
67256,16999,40780,9477,Medium
50222,14990,33602,1630,Medium
92373,29892,78181,-15700,Medium
94575,37858,57304,-587,Medium
99651,35659,59866,4126,Medium
78335,43843,25861,8631,Medium
25965,9048,8333,8584,Medium
39538,23567,24936,-8965,Medium
85592,44996,48180,-7584,Medium
23110,4720,18569,-179,Medium
94309,53312,37384,3613,Medium
42266,6685,13313,22268,Low
67992,34589,38716,-5313,Medium
97948,28435,43340,26173,Low
21910,11809,7225,2876,Medium
15206,8120,11172,-4086,Medium
38419,19323,14098,4998,Medium
65636,32490,43647,-10501,Medium
65015,16405,30467,18143,Low
69268,9729,27991,31548,Low
33141,9991,17493,5657,Medium
95356,17808,74460,3088,Medium
86910,38890,46519,1501,Medium
71044,19398,53315,-1669,Medium
82214,48325,30854,3035,Medium
48827,20531,37287,-8991,Medium
70820,36206,31313,3301,Medium
77623,12905,54835,9883,Medium
96734,51366,61858,-16490,Medium
90450,50776,77559,-37885,High
37299,12813,19857,4629,Medium
58585,23617,19901,15067,Medium
79044,38131,24621,16292,Medium
57557,10787,45821,949,Medium
64080,22510,39399,2171,Medium
17693,5296,13537,-1140,Medium
84163,14575,37086,32502,Low
40939,11617,20758,8564,Low
63925,8571,20332,35022,Low
57941,6541,50808,592,Medium
36834,6172,25810,4852,Medium
33047,19218,28417,-14588,High
41105,15404,18879,6822,Medium
90766,52908,60529,-22671,Medium
30707,9711,21712,-716,Medium
36976,9462,18137,9377,Low
59262,20923,47934,-9595,Medium
38776,12398,33669,-7291,Medium
45080,6889,37457,734,Medium
81842,34407,60844,-13409,Medium
76373,15887,35626,24860,Low
21776,8923,10212,2641,Medium
70016,29763,61475,-21222,Medium
24474,4307,7493,12674,Low
73053,9546,53301,10206,Medium
36959,18123,26748,-7912,Medium
20530,6772,13829,-71,Medium
18748,2420,16761,-433,Medium
28545,17053,13905,-2413,Medium
81199,10465,40922,29812,Low
49766,22271,17286,10209,Medium
88530,52395,50079,-13944,Medium
76087,16707,34743,24637,Low
83840,14347,42425,27068,Low
69384,11149,55558,2677,Medium
66005,16609,56849,-7453,Medium
61576,9268,25334,26974,Low
54353,24245,28454,1654,Medium
77003,10098,66005,900,Medium
98211,34836,33105,30270,Medium
67733,40527,24073,3133,Medium
80318,40720,31940,7658,Medium
38664,15759,25407,-2502,Medium
82172,20799,32070,29303,Low
41736,17193,36762,-12219,Medium
15854,5763,9005,1086,Medium
53623,16786,32222,4615,Medium
22392,3702,10031,8659,Low
70680,38400,41176,-8896,Medium
61717,20051,43025,-1359,Medium
65859,12994,49440,3425,Medium
41309,11726,31077,-1494,Medium
78734,24176,50920,3638,Medium
85467,43910,72015,-30458,High
67662,31585,53483,-17406,Medium
27688,13419,20883,-6614,Medium
40342,4256,13448,22638,Low
52157,16068,15862,20227,Medium
82863,28229,35421,19213,Medium
67083,7352,46831,12900,Medium
80733,18561,44138,18034,Low
49698,23862,26908,-1072,Medium
95623,16117,79439,67,Medium
37671,13849,31543,-7721,Medium
40184,8342,33975,-2133,Medium
57107,6056,27886,23165,Low
66663,14705,47639,4319,Medium
30708,18054,14217,-1563,Medium
64811,32455,26855,5501,Medium
17811,10326,7316,169,Medium
71250,24504,36000,10746,Medium
87082,13486,48589,25007,Low
49754,18606,39732,-8584,Medium
26411,8641,9823,7947,Medium
17911,9352,13271,-4712,Medium
82270,12261,50914,19095,Medium
98763,33986,46691,18086,Medium
23680,4144,14105,5431,Low
99896,26206,47946,25744,Low
98879,46342,65027,-12490,Medium
86295,29168,48351,8776,Medium
26111,7518,10408,8185,Low
52504,15606,19423,17475,Low
16802,5540,10551,711,Medium
23155,11404,19483,-7732,Medium
88656,48409,44893,-4646,Medium
54384,31415,40233,-17264,Medium
62254,30719,43278,-11743,Medium
36918,9513,31710,-4305,Medium
75713,33621,60009,-17917,Medium
45306,14443,28994,1869,Medium
31646,7194,21969,2483,Medium
61843,32185,51888,-22230,High
31371,3739,16931,10701,Low
92371,50885,45823,-4337,Medium
17049,5638,5225,6186,Medium
46616,19513,37103,-10000,Medium
35932,15439,28048,-7555,Medium
44855,24560,16267,4028,Medium
76434,31975,49385,-4926,Medium
87694,35688,50721,1285,Medium
58016,7735,21537,28744,Low
22400,8046,19898,-5544,Medium
57642,10092,24717,22833,Low
30151,14132,10261,5758,Medium
66407,23648,43623,-864,Medium
81690,35952,60721,-14983,Medium
19499,2356,6229,10914,Low
21295,3032,14804,3459,Medium
74040,33922,45858,-5740,Medium
27183,3698,9839,13646,Low
44299,6008,17875,20416,Low
27874,2956,17861,7057,Medium
47711,27588,22797,-2674,Medium
20539,9627,17724,-6812,Medium
68351,18907,54082,-4638,Medium
76267,18934,67888,-10555,Medium
63354,17412,28876,17066,Low
17557,8555,15482,-6480,Medium
53360,22981,29814,565,Medium
97018,18685,49334,28999,Low
17200,3217,5679,8304,Low
83497,12457,27692,43348,Low
61975,26658,44324,-9007,Medium
36357,17530,20896,-2069,Medium
92505,21509,40324,30672,Low
17869,1974,11943,3952,Medium
76135,10741,34391,31003,Low
65108,38018,42097,-15007,Medium
53467,13244,27563,12660,Low
38328,18574,30437,-10683,Medium
18987,7828,15045,-3886,Medium
73871,21494,43318,9059,Low
37399,7586,19091,10722,Low
61214,9836,31680,19698,Low
85271,34748,66803,-16280,Medium
59064,28782,29349,933,Medium
85091,35904,36200,12987,Medium
55818,20382,19581,15855,Medium
60525,7322,35105,18098,Low
34830,20349,20524,-6043,Medium
32429,16193,26090,-9854,Medium
21893,5394,9474,7025,Low
94909,55994,50168,-11253,Medium
62333,24991,48934,-11592,Medium
18436,7212,14641,-3417,Medium
89290,42326,47392,-428,Medium
91213,46143,52490,-7420,Medium
20895,8948,10070,1877,Medium
34738,5698,29858,-818,Medium
45746,12311,16980,16455,Low
64377,36311,55380,-27314,High
63404,13461,45037,4906,Medium
69045,19752,42734,6559,Medium
54790,17315,17510,19965,Medium
20600,6585,12058,1957,Medium
55764,22666,30371,2727,Medium
89543,51177,35524,2842,Medium
60714,13378,42126,5210,Medium
71835,11547,63408,-3120,Medium
88744,17636,56557,14551,Medium
71491,38852,52106,-19467,Medium
33589,14204,11456,7929,Medium
58484,14208,32201,12075,Low
97989,49775,36237,11977,Medium
51212,27177,34193,-10158,Medium
58525,30623,50512,-22610,High
62202,34799,43358,-15955,Medium
47635,10771,16485,20379,Low
78208,37345,40105,758,Medium
48828,16126,30781,1921,Medium
33711,17563,18268,-2120,Medium
18420,8551,14739,-4870,Medium
15301,7470,12069,-4238,Medium
60236,25785,40183,-5732,Medium
81235,15330,42573,23332,Low
69240,25792,31379,12069,Medium
80726,47816,29345,3565,Medium
25492,14497,13075,-2080,Medium
21102,2565,11561,6976,Low
65336,11917,46094,7325,Medium
41641,6906,28936,5799,Medium
49584,22956,16960,9668,Medium
47745,24297,25646,-2198,Medium
38093,7875,15582,14636,Low
81105,28624,31962,20519,Medium
66885,34803,53265,-21183,Medium
51631,24080,16787,10764,Medium
87991,32655,48527,6809,Medium
19014,7513,7623,3878,Medium
26093,9241,21594,-4742,Medium
33070,8226,20973,3871,Medium
50777,19422,22282,9073,Medium
71958,31981,43279,-3302,Medium
97074,52095,71727,-26748,Medium
25729,10758,22509,-7538,Medium
60017,28841,25943,5233,Medium
81320,14640,67634,-954,Medium
42751,14141,36790,-8180,Medium
93069,9741,79094,4234,Medium
69748,15577,47515,6656,Medium
20801,9635,14100,-2934,Medium
34190,20373,18528,-4711,Medium
64689,9676,48609,6404,Medium
65993,19847,40834,5312,Medium
44592,22297,31502,-9207,Medium
25647,5181,14287,6179,Low
23716,8953,17523,-2760,Medium
85316,39802,67799,-22285,Medium
17368,7086,6736,3546,Medium
92575,17960,74037,578,Medium
21655,6013,13516,2126,Medium
85031,41826,68602,-25397,Medium
91429,34479,51088,5862,Medium
70766,7261,37323,26182,Low
28403,13647,24115,-9359,Medium
47097,5541,21226,20330,Low
93657,44287,75536,-26166,Medium
25966,5225,15330,5411,Low
67921,39328,41327,-12734,Medium
64726,18380,31397,14949,Low
65300,17204,42041,6055,Medium
37677,6572,18654,12451,Low
70609,17850,22846,29913,Low
71661,38576,33193,-108,Medium
46024,27530,13983,4511,Medium
85313,24242,75673,-14602,Medium
68006,22054,59807,-13855,Medium
30338,13986,16294,58,Medium
83027,45091,61192,-23256,Medium
95135,37723,48279,9133,Medium
34508,10206,24247,55,Medium
18051,5529,14138,-1616,Medium
63747,28546,55335,-20134,Medium
69021,7013,37280,24728,Low
81412,33362,62685,-14635,Medium
73335,20368,33701,19266,Low
71179,35382,63648,-27851,Medium
47093,6898,14856,25339,Low
84678,33371,56066,-4759,Medium
95738,32597,66605,-3464,Medium
54734,23051,39015,-7332,Medium
87615,11602,32613,43400,Low
88523,34523,76405,-22405,Medium
32019,12190,13086,6743,Medium
98613,37505,66430,-5322,Medium
88847,35693,38524,14630,Medium
97750,42837,47343,7570,Medium
94634,47553,59418,-12337,Medium
43251,10160,23801,9290,Low
40945,20985,16219,3741,Medium
47217,16484,19007,11726,Medium
23308,3228,12840,7240,Low
20949,2708,15803,2438,Medium
66990,17894,56189,-7093,Medium
16150,7953,5660,2537,Medium
89740,40727,48088,925,Medium
81617,40343,29394,11880,Medium
31896,11439,9886,10571,Medium
61175,19582,42640,-1047,Medium
22805,3961,15084,3760,Medium
20237,5344,8050,6843,Low
35056,11113,15434,8509,Medium
60543,8736,19024,32783,Low
71556,15048,57314,-806,Medium
18343,7320,16230,-5207,Medium
28500,13333,10866,4301,Medium
68222,40876,29941,-2595,Medium
44375,25140,36433,-17198,High
24662,10389,21107,-6834,Medium
31964,9928,17636,4400,Medium
74638,31205,24658,18775,Medium
88666,43696,28695,16275,Medium
82215,13086,52976,16153,Medium
84042,25628,45024,13390,Medium
28284,14704,8971,4609,Medium
87789,25627,57058,5104,Medium
99664,38463,30575,30626,Medium
76389,30088,59004,-12703,Medium
24435,4697,11823,7915,Low
69340,19492,22476,27372,Low
59078,15788,38578,4712,Medium
93832,10612,50538,32682,Low
66293,7431,58621,241,Medium
93781,48376,58755,-13350,Medium
75403,17835,35073,22495,Low
44124,15842,32019,-3737,Medium
58919,14692,27273,16954,Low
50247,28657,42335,-20745,High
77752,17855,40806,19091,Low
71573,22533,45085,3955,Medium
74101,39745,24478,9878,Medium
41646,21696,23141,-3191,Medium
38049,7345,30417,287,Medium
94605,47427,74112,-26934,Medium
83385,27441,36238,19706,Medium
55158,18835,24029,12294,Medium
80417,13408,63560,3449,Medium
38289,5371,32861,57,Medium
24823,11517,8867,4439,Medium
75160,26173,42843,6144,Medium
56975,18142,28628,10205,Medium
24540,11405,20182,-7047,Medium
31364,15141,10981,5242,Medium
19611,3519,8367,7725,Low
42663,17283,32060,-6680,Medium
66991,11232,22159,33600,Low
72679,34572,43281,-5174,Medium
45977,19700,25989,288,Medium
64115,37078,32098,-5061,Medium
75890,10205,40733,24952,Low
81387,10460,50294,20633,Medium
33071,7973,13123,11975,Low
74275,17146,47773,9356,Medium
87369,19526,68432,-589,Medium
26938,14900,20367,-8329,Medium
50195,11282,19693,19220,Low
19000,4483,7401,7116,Low
85588,41056,39447,5085,Medium
53304,17316,27539,8449,Medium
84449,41241,46030,-2822,Medium
97986,13001,69356,15629,Medium
35764,12295,11945,11524,Medium
53494,6248,17161,30085,Low
18373,2412,9832,6129,Low
27161,15025,19509,-7373,Medium
42350,7183,17620,17547,Low
40351,14776,27636,-2061,Medium
30305,9259,13815,7231,Medium
90353,24727,75142,-9516,Medium
91797,50480,76872,-35555,High
80953,8978,38725,33250,Low
72458,31294,31736,9428,Medium
35358,20567,19333,-4542,Medium
18267,6942,8116,3209,Medium
97745,55559,68756,-26570,Medium
53513,6749,42577,4187,Medium
41092,12713,28922,-543,Medium
26338,6059,20928,-649,Medium
15412,7172,8294,-54,Medium
22543,13314,8877,352,Medium
48496,11069,36021,1406,Medium
75692,32327,39078,4287,Medium
59425,11828,41761,5836,Medium
53756,20570,24856,8330,Medium
33888,11249,11818,10821,Medium
50735,29730,45435,-24430,High
62295,25183,24526,12586,Medium
98042,26937,87556,-16451,Medium
32955,5175,29210,-1430,Medium
52841,9280,41019,2542,Medium
85640,18212,59575,7853,Medium
80510,18153,52064,10293,Medium
49911,26218,40910,-17217,High
74031,28177,35065,10789,Medium
22357,8086,12980,1291,Medium
47479,7472,31888,8119,Medium
76476,40537,41810,-5871,Medium
59811,27597,33284,-1070,Medium
51208,6853,25510,18845,Low
35150,15955,22444,-3249,Medium
86180,32039,69835,-15694,Medium
58286,8210,24533,25543,Low
83450,27467,71822,-15839,Medium
36352,12445,25935,-2028,Medium
70069,12814,55632,1623,Medium
29397,16840,18629,-6072,Medium
56555,29690,43417,-16552,Medium
61959,26921,19189,15849,Medium
15728,5208,12441,-1921,Medium
65517,20040,21232,24245,Medium
81234,34563,67744,-21073,Medium
54954,20482,49193,-14721,Medium
62280,8167,29672,24441,Low
94459,33651,40257,20551,Medium
31779,15991,24127,-8339,Medium
78932,26017,35662,17253,Medium
87936,11078,72049,4809,Medium
39466,19462,14275,5729,Medium
51939,10423,19506,22010,Low
84896,19467,75344,-9915,Medium
50270,9166,35405,5699,Medium
74163,19661,59933,-5431,Medium
97637,46707,48291,2639,Medium
66934,24075,47248,-4389,Medium
79895,16173,52454,11268,Medium
47307,25494,31312,-9499,Medium
69098,37298,49026,-17226,Medium
75921,40639,48985,-13703,Medium
20486,4494,11419,4573,Low
23335,7598,10863,4874,Medium
26130,15481,19888,-9239,Medium
75566,36725,32928,5913,Medium
81703,9280,58451,13972,Medium
42192,5594,18564,18034,Low
16062,5332,10845,-115,Medium
99076,54948,74133,-30005,Medium
36545,13497,15759,7289,Medium
36689,12801,12326,11562,Medium
26174,3997,9909,12268,Low
24348,10430,16157,-2239,Medium
38714,19784,31345,-12415,High
53102,15410,17364,20328,Low
89460,43639,66244,-20423,Medium
21801,12693,11004,-1896,Medium
87267,17617,51235,18415,Low
63136,22834,54127,-13825,Medium
38625,9407,19280,9938,Low
97873,48586,56688,-7401,Medium
87592,34055,26996,26541,Medium
92052,38412,32122,21518,Medium
59261,29568,26972,2721,Medium
16542,4929,5239,6374,Low
36677,20449,24897,-8669,Medium
61732,22625,34313,4794,Medium
65343,11694,41093,12556,Medium
54081,24225,21891,7965,Medium
77856,38665,37180,2011,Medium
34065,8801,23787,1477,Medium
98460,52044,86564,-40148,High
69693,38545,23016,8132,Medium
41962,10005,35005,-3048,Medium
43295,25620,27974,-10299,Medium
28807,4907,18388,5512,Medium
57348,11527,34418,11403,Medium
41432,7959,14154,19319,Low
98285,53761,34785,9739,Medium
72854,31119,48123,-6388,Medium
55262,9728,27883,17651,Low
52080,16674,44286,-8880,Medium
16324,6654,8879,791,Medium
50909,7215,19649,24045,Low
34870,18871,25414,-9415,Medium
49578,24878,23599,1101,Medium
87124,30720,53605,2799,Medium
41790,24387,30034,-12631,Medium
40289,12444,33849,-6004,Medium
70129,41520,54372,-25763,Medium
30485,13229,21516,-4260,Medium
59482,24823,42100,-7441,Medium
19748,3613,17132,-997,Medium
24435,13218,11667,-450,Medium
18709,5869,5625,7215,Medium
45355,8214,21007,16134,Low
70771,7523,30483,32765,Low
72799,27654,50748,-5603,Medium
28116,10225,19125,-1234,Medium
40470,18603,26551,-4684,Medium
57344,31259,17762,8323,Medium
57918,8091,42701,7126,Medium
67224,31309,33216,2699,Medium
54298,10517,37956,5825,Medium
95219,50379,60363,-15523,Medium
76629,39044,38746,-1161,Medium
81040,30016,30855,20169,Medium
43016,19577,15341,8098,Medium
38960,10019,31125,-2184,Medium
48591,16306,41352,-9067,Medium
97848,49982,67502,-19636,Medium
82641,27241,29921,25479,Medium
51395,14334,27815,9246,Low
37700,13085,27798,-3183,Medium
49620,25510,38102,-13992,Medium
35559,9515,13189,12855,Low
76642,14322,22994,39326,Low
91539,41742,66574,-16777,Medium
36732,18843,18878,-989,Medium
45354,6817,20531,18006,Low
28843,6343,8876,13624,Low
86726,14828,54132,17766,Medium
32640,8942,26460,-2762,Medium
67528,21958,59058,-13488,Medium
53413,25339,34154,-6080,Medium
67638,28784,41169,-2315,Medium
67736,27803,23777,16156,Medium
83866,23162,52778,7926,Medium
34087,17749,17997,-1659,Medium
56430,18940,37485,5,Medium
39504,23289,21064,-4849,Medium
22114,9223,9822,3069,Medium
93859,15311,33505,45043,Low
25975,11379,12700,1896,Medium
26023,6832,9315,9876,Low
36447,16151,14802,5494,Medium
38959,5252,34767,-1060,Medium
81203,15220,45998,19985,Low
44703,23597,27676,-6570,Medium
24337,5198,20057,-918,Medium
61427,31851,55120,-25544,High
76529,18339,49715,8475,Medium
99665,42002,78484,-20821,Medium
46921,20977,23280,2664,Medium
48307,17213,23353,7741,Medium
42355,10701,22940,8714,Low
19835,4092,13954,1789,Medium
35159,4099,24938,6122,Medium
62605,15774,30622,16209,Low
53088,22646,20169,10273,Medium
93752,53359,63698,-23305,Medium
70284,37644,26496,6144,Medium
72043,34799,46618,-9374,Medium
50547,24981,36194,-10628,Medium
97844,42316,70483,-14955,Medium
42532,9788,31987,757,Medium
49349,27319,40649,-18619,High
60445,26315,36265,-2135,Medium
20713,7875,15289,-2451,Medium
71178,11067,47796,12315,Medium
64407,20837,26534,17036,Medium
85340,28177,26917,30246,Medium
65990,35125,31063,-198,Medium
90672,33850,51304,5518,Medium
80545,23374,53986,3185,Medium
99791,58717,80828,-39754,High
73141,11363,30554,31224,Low
38793,12075,14560,12158,Medium
71570,8660,62844,66,Medium
52892,24856,19296,8740,Medium
16015,8952,9402,-2339,Medium
76813,18436,50031,8346,Medium
42712,22601,26687,-6576,Medium
23415,5762,8233,9420,Low
77292,42926,25832,8534,Medium
38833,18522,14107,6204,Medium
19158,9626,12478,-2946,Medium
77680,8467,48674,20539,Medium
35309,20528,15544,-763,Medium
21970,10179,14998,-3207,Medium
87474,22076,69282,-3884,Medium
61540,31674,19997,9869,Medium
35384,8519,21190,5675,Low
33017,17709,23560,-8252,Medium
90880,14203,41022,35655,Low
23702,10709,11487,1506,Medium
15384,5697,10279,-592,Medium
15404,2283,12920,201,Medium
55943,12360,43968,-385,Medium
62926,6682,40894,15350,Medium
44189,14776,32617,-3204,Medium
27763,6958,14406,6399,Low
33384,13326,22853,-2795,Medium
75100,18671,43536,12893,Low
24860,6213,10291,8356,Low
95642,45104,68961,-18423,Medium
65612,8140,41590,15882,Medium
38574,21271,19872,-2569,Medium
38524,20268,32622,-14366,High
84172,36522,26308,21342,Medium
25916,10278,12684,2954,Medium
19809,10818,6618,2373,Medium
47201,9093,35868,2240,Medium
68330,9530,49284,9516,Medium
28456,6253,14194,8009,Low
71397,35504,50363,-14470,Medium
53765,6308,28902,18555,Low
49816,19498,37548,-7230,Medium
60106,35926,34411,-10231,Medium
68932,36385,37731,-5184,Medium
32100,11579,27632,-7111,Medium
72091,9503,32478,30110,Low
36949,19054,13754,4141,Medium
85080,33988,55363,-4271,Medium
52744,8305,46498,-2059,Medium
60543,8895,31888,19760,Low
51187,28399,17261,5527,Medium
22239,9665,11199,1375,Medium
29489,15176,17798,-3485,Medium
73017,39391,28998,4628,Medium
76877,29665,53418,-6206,Medium
58125,20850,52234,-14959,Medium
64922,20464,37073,7385,Medium
47049,12160,24128,10761,Low
52131,16541,28172,7418,Medium
57944,28215,21386,8343,Medium
88963,35670,73836,-20543,Medium
39285,21459,21563,-3737,Medium
52626,16929,28016,7681,Medium
57808,23328,40223,-5743,Medium
68871,28626,38927,1318,Medium
34198,13537,23560,-2899,Medium
34758,15686,11708,7364,Medium
30254,6617,23847,-210,Medium
59238,21099,51199,-13060,Medium
16252,2472,11201,2579,Medium
54764,16005,47794,-9035,Medium
92709,31876,36236,24597,Medium
52441,22345,30754,-658,Medium
68682,39510,45404,-16232,Medium
74494,29821,48349,-3676,Medium
96317,45442,52095,-1220,Medium
80215,28326,40336,11553,Medium
93587,39030,35197,19360,Medium
21949,2973,11743,7233,Low
70393,15992,27988,26413,Low
88553,24876,65584,-1907,Medium
21941,7377,9331,5233,Medium
40934,5027,13718,22189,Low
38386,6526,24237,7623,Medium
76886,18330,50524,8032,Medium
90745,53155,74696,-37106,High
98251,26102,63488,8661,Medium
68413,23330,34705,10378,Medium
71800,14219,56133,1448,Medium
57318,23236,35776,-1694,Medium
85173,20470,29603,35100,Low
85390,17376,54607,13407,Medium
67329,24123,56880,-13674,Medium
58088,5968,31239,20881,Low
54811,5691,26188,22932,Low
70479,14767,27210,28502,Low
34963,4138,13665,17160,Low
70123,10799,39245,20079,Low
88477,23838,58165,6474,Medium
29388,14731,10237,4420,Medium
20569,7940,17766,-5137,Medium
84836,30229,63888,-9281,Medium
51586,12728,33632,5226,Medium
27015,15287,21532,-9804,Medium
60002,17911,20887,21204,Low
21254,3050,12457,5747,Low
32144,13131,21795,-2782,Medium
39214,6153,31261,1800,Medium
95719,26094,73711,-4086,Medium
86774,30692,40457,15625,Medium
21090,11327,18232,-8469,High
26637,9237,9978,7422,Medium
37415,16879,30870,-10334,Medium
39071,23302,34482,-18713,High
73243,12139,29758,31346,Low
56240,13349,41237,1654,Medium
98807,29374,32030,37403,Low
48434,15058,26311,7065,Medium
84724,25884,51662,7178,Medium
90697,50228,58806,-18337,Medium
43732,19986,37677,-13931,Medium
26314,10629,18507,-2822,Medium
38954,9921,22934,6099,Low
72108,36911,56662,-21465,Medium
51668,29839,44967,-23138,High
38061,19433,11922,6706,Medium
94252,9498,83838,916,Medium
54749,22896,19254,12599,Medium
31907,4006,25162,2739,Medium
33777,7728,15814,10235,Low
66745,8660,25316,32769,Low
96818,38910,54596,3312,Medium
38624,17121,26510,-5007,Medium
38321,6025,20255,12041,Low
25488,7440,8480,9568,Low
37574,12328,24786,460,Medium
20240,5758,17030,-2548,Medium
58221,9345,30853,18023,Low
25478,7884,10950,6644,Medium
70645,33597,39953,-2905,Medium
34262,4642,11272,18348,Low
67796,9497,53714,4585,Medium
19432,5390,15464,-1422,Medium
79291,45264,51761,-17734,Medium
94104,40868,48168,5068,Medium
74399,32686,58021,-16308,Medium
94714,26610,59936,8168,Medium
65428,25963,52051,-12586,Medium
15302,1607,10388,3307,Medium
97558,40783,75182,-18407,Medium
15055,8380,9923,-3248,Medium
23717,9635,13008,1074,Medium
43699,23459,38226,-17986,High
88686,40971,55399,-7684,Medium
82661,13248,54808,14605,Medium
59247,32658,25612,977,Medium
31748,4229,21442,6077,Medium
19621,7200,12615,-194,Medium
30034,5137,12341,12556,Low
20126,2130,6757,11239,Low
20122,6258,13333,531,Medium
33030,8175,25043,-188,Medium
97838,33558,60076,4204,Medium
99717,38750,43482,17485,Medium
70658,8611,49454,12593,Medium
53638,8662,18669,26307,Low
82067,31129,46376,4562,Medium
49674,13490,19771,16413,Low
50854,23626,20884,6344,Medium
61271,26110,25818,9343,Medium
88688,46366,47184,-4862,Medium
53518,23882,17697,11939,Medium
25267,7958,13610,3699,Medium
16062,7010,9750,-698,Medium
65448,15556,38612,11280,Low
21229,5374,11244,4611,Low
71793,35501,57684,-21392,Medium
62915,20334,24360,18221,Medium
19632,9800,11846,-2014,Medium
18596,9506,6271,2819,Medium
21168,11193,7254,2721,Medium
22561,12596,14536,-4571,Medium
88794,28013,56793,3988,Medium
97152,25204,80327,-8379,Medium
41734,16322,26489,-1077,Medium
21371,6103,18718,-3450,Medium
41069,16449,13520,11100,Medium
94905,42972,34052,17881,Medium
27910,12397,9110,6403,Medium
88479,25417,36379,26683,Low
92735,17010,57937,17788,Medium
96264,30348,66166,-250,Medium
38275,6556,12529,19190,Low
87274,47568,75717,-36011,High
96449,26324,77670,-7545,Medium
75004,13292,35849,25863,Low
77981,8790,27005,42186,Low
99659,42146,40056,17457,Medium
69553,29104,26163,14286,Medium
63447,17149,23727,22571,Low
49529,6728,30269,12532,Medium
90703,27647,40590,22466,Medium
91090,23283,46900,20907,Low
32260,14147,28830,-10717,Medium
18812,7579,13367,-2134,Medium
43024,12145,37404,-6525,Medium
73656,15390,28396,29870,Low
42285,25118,22380,-5213,Medium
16605,5429,10508,668,Medium
86158,38265,29815,18078,Medium
87303,14865,26410,46028,Low
42139,14445,29592,-1898,Medium
92149,10483,63130,18536,Medium
71138,25092,38875,7171,Medium
91125,53035,54108,-16018,Medium
28918,8447,15883,4588,Low
42446,5072,13345,24029,Low
28046,3238,14057,10751,Low
39818,11706,16176,11936,Low
19324,3478,6938,8908,Low
91323,10198,79819,1306,Medium
24111,11527,15903,-3319,Medium
53110,17487,39152,-3529,Medium
31389,7678,15356,8355,Low
56427,31037,30238,-4848,Medium
94579,14950,41818,37811,Low
43746,25283,15668,2795,Medium
15117,3884,6158,5075,Low
99471,54132,77439,-32100,Medium
28234,11335,19948,-3049,Medium
68441,35134,42991,-9684,Medium
15846,9380,9270,-2804,Medium
25954,6338,22150,-2534,Medium
94239,54712,32384,7143,Medium
61514,18130,28810,14574,Low
21469,6285,10948,4236,Low
45105,12187,34706,-1788,Medium
57101,21167,51134,-15200,Medium
79323,14045,35251,30027,Low
73067,27535,60249,-14717,Medium
64376,23873,51396,-10893,Medium
60587,29139,26342,5106,Medium
51976,26862,28046,-2932,Medium
82584,26445,45074,11065,Medium
93477,23478,82907,-12908,Medium
57533,13213,23504,20816,Low
16828,3320,13117,391,Medium
16917,2179,8467,6271,Low
35618,9660,26304,-346,Medium
47254,11110,26084,10060,Low
62362,36370,40349,-14357,Medium
35128,13308,28087,-6267,Medium
74383,20354,58204,-4175,Medium
80545,31431,66035,-16921,Medium
97180,16481,32630,48069,Low
24865,8007,17784,-926,Medium
17219,7113,6611,3495,Medium
54809,18878,30117,5814,Medium
20287,6104,12763,1420,Medium
49387,29480,26750,-6843,Medium
23512,12700,14383,-3571,Medium
16342,6728,14673,-5059,Medium
78076,30034,29757,18285,Medium
34216,14039,24131,-3954,Medium
94767,19015,50946,24806,Low
41614,12383,15805,13426,Low
51258,6137,20259,24862,Low
57078,19279,49632,-11833,Medium
98524,36602,81554,-19632,Medium
27219,5821,22978,-1580,Medium
15235,8866,13634,-7265,High
57929,32134,24619,1176,Medium
82444,38012,42315,2117,Medium
23567,8641,16532,-1606,Medium
85792,45897,50641,-10746,Medium
80441,13299,44325,22817,Low
99555,49305,51239,-989,Medium
88698,14405,58209,16084,Medium
20415,10148,13174,-2907,Medium
51159,12169,20303,18687,Low
58925,31733,34355,-7163,Medium
20951,11984,13242,-4275,Medium
23007,4012,14774,4221,Medium
56832,18830,24214,13788,Medium
73596,43457,54855,-24716,Medium
45523,15555,14345,15623,Medium
30524,16231,15655,-1362,Medium
34282,13519,26332,-5569,Medium
38930,11198,24850,2882,Medium
15077,3662,6885,4530,Low
35611,7179,25532,2900,Medium
31984,15381,20483,-3880,Medium
29060,8522,22601,-2063,Medium
97985,34847,72608,-9470,Medium
99056,34289,65977,-1210,Medium
58303,22658,34568,1077,Medium
74207,39536,28191,6480,Medium
90046,53160,41132,-4246,Medium
44287,13454,24422,6411,Medium
54711,28108,36086,-9483,Medium
26954,12998,16394,-2438,Medium
88340,34166,41776,12398,Medium
87101,50346,26468,10287,Medium
86520,17324,51716,17480,Low
33574,5191,15825,12558,Low
24184,12744,17914,-6474,Medium
34096,10896,10718,12482,Medium
82728,43306,53847,-14425,Medium
49016,26789,42393,-20166,High
26246,3444,10620,12182,Low
60558,32806,35304,-7552,Medium
33381,10820,11845,10716,Medium
51455,18277,34753,-1575,Medium
19018,7860,11987,-829,Medium
26302,14813,14319,-2830,Medium
82506,9039,50561,22906,Medium
56157,19004,47056,-9903,Medium
69917,31033,29209,9675,Medium
98122,45268,30765,22089,Medium
39519,17635,32286,-10402,Medium
71819,12009,46414,13396,Medium
95910,23948,80026,-8064,Medium
86324,24115,56815,5394,Medium
20408,10249,16042,-5883,Medium
74379,17804,41488,15087,Low
40053,8224,30036,1793,Medium
24446,14147,20725,-10426,High
15922,1662,10242,4018,Medium
66356,39741,27104,-489,Medium
25789,11306,11895,2588,Medium
81656,41990,34229,5437,Medium
59028,14598,26451,17979,Low
79484,8517,38458,32509,Low
47154,22112,29852,-4810,Medium
97870,50605,63889,-16624,Medium
17336,8152,9637,-453,Medium
82779,14190,55400,13189,Medium
34029,16222,11874,5933,Medium
74201,35947,26168,12086,Medium
47265,20289,19052,7924,Medium
58872,28438,35961,-5527,Medium
61197,32003,26216,2978,Medium
70180,28549,32982,8649,Medium
38710,5585,20910,12215,Low
44486,15294,35015,-5823,Medium
86907,12064,26794,48049,Low
86895,26396,59925,574,Medium
79435,24112,55709,-386,Medium
55631,7399,43347,4885,Medium
35103,9632,30176,-4705,Medium
79772,12404,24895,42473,Low
29382,14811,11525,3046,Medium
99291,56977,82580,-40266,High
18756,2553,10786,5417,Low
35609,20566,22745,-7702,Medium
31478,11372,21965,-1859,Medium
54666,13654,38672,2340,Medium
90683,12553,77900,230,Medium
86315,30237,77525,-21447,Medium
92834,46162,67963,-21291,Medium
29153,13222,13769,2162,Medium
91325,11425,75603,4297,Medium
27999,3820,9226,14953,Low
70318,21196,30844,18278,Medium
15814,3916,13258,-1360,Medium
91077,19690,41322,30065,Low
17443,4195,7542,5706,Low
90993,45654,34838,10501,Medium
90916,51332,74139,-34555,High
88319,26721,52994,8604,Medium
32368,17901,22817,-8350,Medium
30328,7907,13448,8973,Low
71942,24332,54303,-6693,Medium
42306,9011,31983,1312,Medium
54915,23077,26774,5064,Medium
52219,30782,28532,-7095,Medium
95879,38519,40826,16534,Medium
79644,22213,70559,-13128,Medium
75279,31911,51743,-8375,Medium
68028,10983,58553,-1508,Medium
15126,8233,7291,-398,Medium
67329,23668,51785,-8124,Medium
42632,13841,32379,-3588,Medium
80310,31556,57421,-8667,Medium
70176,28940,61711,-20475,Medium
59327,8061,31807,19459,Low
83904,37027,31751,15126,Medium
18797,4153,13214,1430,Medium
62882,28735,46380,-12233,Medium
28718,14682,18524,-4488,Medium
49560,24878,21017,3665,Medium
91589,34460,55198,1931,Medium
37116,13364,18087,5665,Medium
51244,8785,28516,13943,Low
16645,8117,11437,-2909,Medium
62523,14736,46712,1075,Medium
34256,11932,15049,7275,Medium
68173,16507,37031,14635,Low
52430,8751,24196,19483,Low
54282,22515,22753,9014,Medium
78374,9966,60350,8058,Medium
83244,39484,70387,-26627,Medium
26694,6908,13937,5849,Low
71264,7131,53502,10631,Medium
90060,32022,75488,-17450,Medium
72545,8953,58592,5000,Medium
54224,12909,22214,19101,Low
28224,12799,24661,-9236,Medium
55738,7320,29318,19100,Low
40150,20864,20217,-931,Medium
78731,8023,26568,44140,Low
64688,14452,38276,11960,Low
88509,41639,32341,14529,Medium
23577,6086,10588,6903,Low
23070,3482,11308,8280,Low
23666,6629,18584,-1547,Medium
72761,17113,60049,-4401,Medium
51368,26781,24732,-145,Medium
21783,5591,17757,-1565,Medium
56914,28142,46347,-17575,Medium
85507,46681,64881,-26055,Medium
94026,29797,36483,27746,Medium
82526,45799,58939,-22212,Medium
85835,24777,74420,-13362,Medium
60765,35367,43114,-17716,Medium
34956,5056,17441,12459,Low
61240,27160,36765,-2685,Medium
52148,18090,35848,-1790,Medium
19757,5805,11979,1973,Medium
34097,14196,12683,7218,Medium
25395,11476,12373,1546,Medium
31241,3192,24412,3637,Medium
42696,7833,34876,-13,Medium
85480,39023,32685,13772,Medium
61163,26495,53299,-18631,Medium
34816,20298,17313,-2795,Medium
64840,31156,45218,-11534,Medium
67853,39041,50964,-22152,Medium
39917,18013,31421,-9517,Medium
36566,9105,31719,-4258,Medium
90452,13810,44118,32524,Low
77823,38204,63433,-23814,Medium
35806,15112,13570,7124,Medium
90520,11232,65448,13840,Medium
16759,4692,12488,-421,Medium
56949,32939,40242,-16232,Medium
17482,6122,7891,3469,Medium
39442,12478,32493,-5529,Medium
48719,16021,19551,13147,Medium
73066,14937,24271,33858,Low
17079,4856,12475,-252,Medium
17717,5047,10369,2301,Low
74676,9422,60447,4807,Medium
42952,20779,22766,-593,Medium
57460,17712,23039,16709,Medium
87847,44897,70441,-27491,High
33449,17566,21050,-5167,Medium
48536,9998,20070,18468,Low
79077,33898,57902,-12723,Medium
53258,17902,32309,3047,Medium
63302,34188,41943,-12829,Medium
43865,9118,25289,9458,Low
21645,9500,17255,-5110,Medium
53000,21405,42280,-10685,Medium
41737,10336,30285,1116,Medium
26485,4457,9620,12408,Low
53565,22809,43029,-12273,Medium
40522,19016,28471,-6965,Medium
80155,20665,57568,1922,Medium
70168,29640,36332,4196,Medium
67487,20081,55850,-8444,Medium
27342,12484,20102,-5244,Medium
55806,11139,20511,24156,Low
63770,34761,34733,-5724,Medium
93623,22816,77878,-7071,Medium
90629,25728,29755,35146,Low
67603,8723,59277,-397,Medium
96974,15104,68608,13262,Medium
41399,14817,28102,-1520,Medium
96244,22501,44497,29246,Low
91534,47390,41123,3021,Medium
70106,7525,60658,1923,Medium
45678,13225,21878,10575,Low
91218,24507,69809,-3098,Medium
78230,8579,41921,27730,Low
89055,14443,34157,40455,Low
71373,21898,21870,27605,Medium
46480,16102,29122,1256,Medium
83836,25330,74234,-15728,Medium
87258,31890,45503,9865,Medium
54986,21860,28280,4846,Medium
39160,4110,19832,15218,Low
94111,31249,57626,5236,Medium
79929,46498,45111,-11680,Medium
88506,31819,73278,-16591,Medium
49911,21899,30111,-2099,Medium
46821,11982,28310,6529,Medium
90039,43848,34487,11704,Medium
75535,36744,67199,-28408,Medium
99458,35869,44754,18835,Medium
27175,15979,9348,1848,Medium
69771,11356,48692,9723,Medium
81358,8825,53470,19063,Medium
32327,15681,17750,-1104,Medium
62057,31250,34337,-3530,Medium
21150,3386,16307,1457,Medium
19425,4521,8108,6796,Low
31032,3375,24582,3075,Medium
17198,4241,11853,1104,Medium
75500,36736,41629,-2865,Medium
68394,24552,39314,4528,Medium
35079,9613,15925,9541,Low
51220,14642,38479,-1901,Medium
56874,5725,34563,16586,Medium
28859,7211,14213,7435,Low
65460,27704,43048,-5292,Medium
46419,27252,41658,-22491,High
23705,12410,13302,-2007,Medium
57880,6470,49337,2073,Medium
38236,21002,19386,-2152,Medium
30358,14923,10104,5331,Medium
91918,45057,38839,8022,Medium
29596,9737,16313,3546,Medium
48572,14523,20972,13077,Low
93757,23575,28139,42043,Low
16279,2162,13820,297,Medium
78197,16743,63052,-1598,Medium
77516,17309,57778,2429,Medium
22083,7553,8848,5682,Medium
32771,15524,12197,5050,Medium
44975,15152,15316,14507,Medium
60648,7818,44540,8290,Medium
63285,36635,54253,-27603,High
34063,19462,19018,-4417,Medium
82642,40709,30700,11233,Medium
52599,31331,31950,-10682,Medium
66920,24910,34082,7928,Medium
43529,25307,22848,-4626,Medium
50954,7021,34281,9652,Medium
42856,12121,31337,-602,Medium
17573,3737,6438,7398,Low
93344,18474,29996,44874,Low
50367,8582,45158,-3373,Medium
75774,31158,33313,11303,Medium
38752,19014,12877,6861,Medium
70029,27251,28986,13792,Medium
32685,5670,10569,16446,Low
66693,33717,35686,-2710,Medium
70961,29660,55451,-14150,Medium
91908,27028,46390,18490,Low
89532,39131,50720,-319,Medium
96994,22304,68414,6276,Medium
71133,19390,43059,8684,Medium
76268,42614,62300,-28646,High
53243,13057,43639,-3453,Medium
72384,24248,22145,25991,Medium
46653,25429,35774,-14550,Medium
41657,18906,24012,-1261,Medium
54952,7204,49088,-1340,Medium
37180,6456,21933,8791,Low
93411,9707,83335,369,Medium
16622,6905,12512,-2795,Medium
63756,20646,28636,14474,Medium
55809,9327,34771,11711,Medium
31725,18367,28402,-15044,High
76396,27871,62225,-13700,Medium
66226,14632,23736,27858,Low
96182,33692,69618,-7128,Medium
97565,42910,49499,5156,Medium
44402,6132,13506,24764,Low
19263,4572,10442,4249,Low
61828,31129,27257,3442,Medium
62924,20754,49793,-7623,Medium
89182,33290,44804,11088,Medium
74052,23430,58983,-8361,Medium
26664,3251,8008,15405,Low
50737,9278,24591,16868,Low
44373,14322,19732,10319,Medium
51397,10515,22621,18261,Low
53709,6713,18310,28686,Low
76120,39721,31382,5017,Medium
34250,20227,21691,-7668,Medium
36172,17961,17175,1036,Medium
26555,13991,14616,-2052,Medium
93617,20688,49253,23676,Low
68276,39621,56364,-27709,High
72492,14386,61123,-3017,Medium
68002,39149,40513,-11660,Medium
87355,52186,43510,-8341,Medium
39762,18125,14476,7161,Medium
26046,15382,22713,-12049,High
43769,16840,14712,12217,Medium
68302,15693,32688,19921,Low
38150,12150,18267,7733,Medium
83247,33030,40977,9240,Medium
19853,2710,7912,9231,Low
36792,15127,28326,-6661,Medium
74129,43779,27687,2663,Medium
89478,17453,60929,11096,Medium
82298,40844,30804,10650,Medium
46987,26028,16084,4875,Medium
30850,17641,26088,-12879,High
27112,15726,11226,160,Medium
39058,14089,30963,-5994,Medium
60420,35566,37869,-13015,Medium
53890,25794,18684,9412,Medium
81017,14650,70749,-4382,Medium
62304,21086,27923,13295,Medium
47921,22003,39093,-13175,Medium
16524,3695,6630,6199,Low
30048,12629,24409,-6990,Medium
50111,21713,15431,12967,Medium
52904,9594,32116,11194,Medium
69912,26744,53249,-10081,Medium
49008,23808,42189,-16989,Medium
15060,5262,12733,-2935,Medium
89666,9509,70995,9162,Medium
98559,10301,82091,6167,Medium
70337,19589,29508,21240,Low
28350,15963,13338,-951,Medium
39354,8435,18629,12290,Low
60186,25108,31671,3407,Medium
43145,9105,23125,10915,Low
49020,12786,30722,5512,Medium
90186,47259,35707,7220,Medium
35581,16524,25431,-6374,Medium
38051,5620,15240,17191,Low
66474,20896,32318,13260,Medium
84626,9696,50945,23985,Medium
21960,7476,17081,-2597,Medium
50772,21893,37758,-8879,Medium
36520,5815,25100,5605,Medium
64481,15761,25370,23350,Low
51408,15366,32295,3747,Medium
72134,40378,25424,6332,Medium
35491,21174,18683,-4366,Medium
16341,2001,8956,5384,Low
59623,28649,19311,11663,Medium
15338,4384,7122,3832,Low
86431,25603,75487,-14659,Medium
27254,13003,23770,-9519,Medium
66860,37388,34191,-4719,Medium
26344,15160,8584,2600,Medium
16750,6508,6824,3418,Medium
69756,19431,37342,12983,Low
82957,40962,72062,-30067,Medium
73053,16473,28104,28476,Low
85855,32799,65087,-12031,Medium
30896,8628,11283,10985,Low
70761,30308,62889,-22436,Medium
77552,17076,41022,19454,Low
92454,18102,70740,3612,Medium
42935,24005,21705,-2775,Medium
52641,7943,35616,9082,Medium
44711,15782,18564,10365,Medium
85342,17958,33079,34305,Low
27182,3247,23453,482,Medium
71276,8411,60626,2239,Medium
34541,6480,28754,-693,Medium
97310,51903,65709,-20302,Medium
59813,14429,46950,-1566,Medium
52198,30025,17821,4352,Medium
23820,9309,11930,2581,Medium
39070,12436,19074,7560,Medium
84768,33063,57759,-6054,Medium
26122,9360,13415,3347,Medium
95559,45809,37182,12568,Medium
88543,21360,58250,8933,Medium
98441,27221,77633,-6413,Medium
56786,31064,30055,-4333,Medium
21737,12460,8246,1031,Medium
51062,27894,21344,1824,Medium
69237,21444,30636,17157,Medium
66571,32631,31949,1991,Medium
40510,13699,27776,-965,Medium
34426,12006,22740,-320,Medium
52265,10575,37507,4183,Medium
32850,12994,16999,2857,Medium
81150,15667,64465,1018,Medium
89910,23896,37982,28032,Low
67375,35541,39173,-7339,Medium
50435,10265,39367,803,Medium
72132,9779,29436,32917,Low
93945,12635,34376,46934,Low
97050,55356,80571,-38877,High
17983,6356,9095,2532,Medium
35662,10866,25331,-535,Medium
38510,19464,12138,6908,Medium
93187,48262,66538,-21613,Medium
55998,14900,27420,13678,Low
71846,32101,23956,15789,Medium
21640,10507,14409,-3276,Medium
59547,25445,26467,7635,Medium
69620,12239,37043,20338,Low
30317,16308,10560,3449,Medium
22564,8338,8761,5465,Medium
42345,10215,20274,11856,Low
94273,29471,33359,31443,Medium
89859,10673,76065,3121,Medium
95765,15699,29076,50990,Low
89038,42985,52560,-6507,Medium
67393,6739,25201,35453,Low
81081,24995,39292,16794,Medium
44430,16050,38015,-9635,Medium
90532,11526,35942,43064,Low
42788,25096,37632,-19940,High
63543,13538,26908,23097,Low
28919,7290,21542,87,Medium
84346,21252,52969,10125,Medium
54974,11830,45666,-2522,Medium
31371,3160,19838,8373,Medium
60084,27919,37296,-5131,Medium
44629,26037,18622,-30,Medium
66184,14040,26456,25688,Low
76916,33191,65370,-21645,Medium
88972,41901,44192,2879,Medium
77187,40462,40388,-3663,Medium
27984,8711,21152,-1879,Medium
48039,12080,24177,11782,Low
98691,25920,85983,-13212,Medium
73606,33587,54671,-14652,Medium
25616,13022,16867,-4273,Medium
65072,12416,53914,-1258,Medium
39574,11297,13050,15227,Low
18430,10154,8371,-95,Medium
27676,13930,16025,-2279,Medium
25816,15294,11260,-738,Medium
47733,22774,35625,-10666,Medium
17050,5056,14518,-2524,Medium
48933,19344,27121,2468,Medium
39951,17199,20186,2566,Medium
47413,6601,41577,-765,Medium
49801,18538,28232,3031,Medium
70619,32107,41907,-3395,Medium
47913,8799,24483,14631,Low
55600,27261,47022,-18683,Medium
72775,28519,46675,-2419,Medium
50400,29035,38168,-16803,Medium
19494,2362,15343,1789,Medium
95688,22263,48332,25093,Low
89691,35946,50246,3499,Medium
58001,14400,46927,-3326,Medium
82364,37657,42660,2047,Medium
60028,28783,46603,-15358,Medium
52573,7952,45454,-833,Medium
15806,5641,10652,-487,Medium
71638,25391,53368,-7121,Medium
44757,12739,35047,-3029,Medium
49636,28116,40057,-18537,High
95097,48856,51070,-4829,Medium
63280,28387,20930,13963,Medium
39262,17949,21245,68,Medium
95435,31575,67210,-3350,Medium
77211,43276,44026,-10091,Medium
69842,31240,52338,-13736,Medium
71979,33433,37010,1536,Medium
96470,51210,65681,-20421,Medium
53197,12609,21909,18679,Low
56844,28622,42611,-14389,Medium
79754,15761,50039,13954,Medium
49157,13403,20765,14989,Low
92129,24672,43774,23683,Low
55042,32434,41235,-18627,Medium
76665,40499,45198,-9032,Medium
97856,44092,42040,11724,Medium
42376,19642,37306,-14572,Medium
70554,26883,51439,-7768,Medium
29199,16746,25528,-13075,High
96412,33563,53630,9219,Medium
65948,19141,38583,8224,Low
88781,16115,74467,-1801,Medium
87750,43269,53968,-9487,Medium
81262,37967,58863,-15568,Medium
61600,17998,27800,15802,Low
91898,10347,52201,29350,Low
77483,40252,28984,8247,Medium
33297,3519,14104,15674,Low
45448,20535,13660,11253,Medium
41172,24090,13321,3761,Medium
57874,18452,51297,-11875,Medium
22657,4927,10091,7639,Low
99386,44965,69370,-14949,Medium
40425,20558,32479,-12612,High
41685,15557,26278,-150,Medium
39578,23094,15510,974,Medium
43831,5515,32297,6019,Medium
22906,8072,15121,-287,Medium
76413,35090,56450,-15127,Medium
69028,36675,52588,-20235,Medium
22287,4226,19729,-1668,Medium
48660,24330,31343,-7013,Medium
90758,34157,45831,10770,Medium
75504,22521,52028,955,Medium
74720,12392,25484,36844,Low
49701,26473,41671,-18443,High
98300,17559,36531,44210,Low
32674,8328,16229,8117,Low
98560,24149,77807,-3396,Medium
38874,20825,25594,-7545,Medium
58642,25588,31442,1612,Medium
80160,39946,46818,-6604,Medium
32602,7343,26496,-1237,Medium
40931,16881,20629,3421,Medium
44192,17052,36316,-9176,Medium
61542,31781,21716,8045,Medium
57520,31811,44064,-18355,Medium
79772,8462,64497,6813,Medium
73762,32234,30175,11353,Medium
65106,8198,36342,20566,Low
96121,35990,38381,21750,Medium
40559,9888,29363,1308,Medium
48742,12350,30278,6114,Medium
84669,23409,57676,3584,Medium
95199,39093,39782,16324,Medium
36754,9814,15695,11245,Low
18972,8847,6163,3962,Medium
85831,25943,42335,17553,Medium
56873,7631,36162,13080,Medium
24903,12249,20289,-7635,Medium
18020,4376,12616,1028,Medium
56755,17956,31853,6946,Medium
60648,26850,52877,-19079,Medium
24516,6526,17934,56,Medium
17396,2231,14927,238,Medium
99082,28432,61089,9561,Medium
34129,19529,15540,-940,Medium
16591,6982,5503,4106,Medium
26303,11461,19349,-4507,Medium
45561,18959,16984,9618,Medium
86719,17300,41769,27650,Low
22314,6898,13823,1593,Medium
34623,16462,22111,-3950,Medium
82675,12458,54594,15623,Medium
80082,19133,32013,28936,Low
98624,23488,52057,23079,Low
48130,15209,32262,659,Medium
66756,39398,58871,-31513,High
41292,5522,30414,5356,Medium
84274,30283,71933,-17942,Medium
17469,3313,13229,927,Medium
68947,40357,45162,-16572,Medium
37534,5879,15584,16071,Low
78620,23727,55034,-141,Medium
63874,29953,43052,-9131,Medium
64708,29265,42803,-7360,Medium
89553,27883,53182,8488,Medium
83344,22774,51439,9131,Medium
64138,19164,32111,12863,Low
69302,16087,42384,10831,Medium
62638,12694,26216,23728,Low
93249,31846,73023,-11620,Medium
17719,4150,7290,6279,Low
37890,9234,13298,15358,Low
92236,39511,51813,912,Medium
51509,30095,35797,-14383,Medium
57534,23118,32370,2046,Medium
33787,4679,15746,13362,Low
63845,8797,40535,14513,Medium
72932,41987,37064,-6119,Medium
48062,11950,41319,-5207,Medium
90713,13247,77431,35,Medium
75461,30148,45383,-70,Medium
90418,37236,44913,8269,Medium
81672,34649,60623,-13600,Medium
49832,11645,16047,22140,Low
46966,5051,27468,14447,Low
87545,50995,43929,-7379,Medium
27987,6309,23853,-2175,Medium
52311,22912,16070,13329,Medium
46575,21113,29420,-3958,Medium
78852,31935,58697,-11780,Medium
16007,4105,9460,2442,Low
85981,20252,30200,35529,Low
91242,36390,80610,-25758,Medium
62517,33324,38185,-8992,Medium
44257,25375,29586,-10704,Medium
57207,8749,25283,23175,Low
28281,5017,16688,6576,Low
76246,43640,42506,-9900,Medium
16435,7695,5669,3071,Medium
41660,22558,15151,3951,Medium
20084,4043,16117,-76,Medium
97197,38275,43144,15778,Medium
28507,12844,11886,3777,Medium
87595,38546,52815,-3766,Medium
98807,30044,75216,-6453,Medium
60539,6519,20411,33609,Low
22491,8804,14531,-844,Medium
65192,14769,24220,26203,Low
95395,31015,30705,33675,Medium
78888,45659,26162,7067,Medium
88609,26539,70931,-8861,Medium
24077,12517,8927,2633,Medium
35953,6984,11759,17210,Low
91919,40097,51726,96,Medium
82889,48780,66841,-32732,High
38821,5859,17758,15204,Low
52567,5475,29071,18021,Low
39860,12627,12912,14321,Medium
36195,5295,20611,10289,Low
92475,43850,59791,-11166,Medium
36427,20299,23405,-7277,Medium
42083,13340,21018,7725,Medium
72372,16598,35413,20361,Low
59064,18735,21497,18832,Medium
22813,10533,11864,416,Medium
46598,4870,16761,24967,Low
42082,16610,31980,-6508,Medium
44241,17990,38921,-12670,Medium
59569,24950,52542,-17923,Medium
26745,5910,21905,-1070,Medium
41029,18751,27098,-4820,Medium
28025,4083,20192,3750,Medium
29288,5846,13798,9644,Low
21540,11604,14614,-4678,Medium
96958,45508,55594,-4144,Medium
83878,8964,49421,25493,Low
56846,12744,42899,1203,Medium
90932,18841,42660,29431,Low
32482,7646,15942,8894,Low
38411,8595,32833,-3017,Medium
65975,8660,22018,35297,Low
75545,24889,44675,5981,Medium
93797,43743,79509,-29455,Medium
67307,27149,44841,-4683,Medium
18093,7896,11359,-1162,Medium
92258,12969,41501,37788,Low
37042,21326,18741,-3025,Medium
67930,35272,55106,-22448,High
59413,29857,37758,-8202,Medium
48756,24938,29684,-5866,Medium
68268,38663,24559,5046,Medium
54214,20174,16785,17255,Medium
96871,19387,85073,-7589,Medium
43602,17806,22943,2853,Medium
68331,32214,45230,-9113,Medium
63901,29966,22226,11709,Medium
78416,28286,55665,-5535,Medium
47196,6335,40566,295,Medium
20626,5889,13312,1425,Medium
22424,12566,8424,1434,Medium
27857,10926,18080,-1149,Medium
34982,12914,26579,-4511,Medium
91961,21558,50012,20391,Low
16980,4826,14057,-1903,Medium
63290,34662,43620,-14992,Medium
41431,17949,34783,-11301,Medium
99976,49357,67394,-16775,Medium
97711,31968,37010,28733,Medium
41385,17179,20105,4101,Medium
53158,11917,22383,18858,Low
38019,17212,32137,-11330,Medium
33639,10555,25439,-2355,Medium
36563,11746,25807,-990,Medium
54341,23076,26115,5150,Medium
20776,11803,8527,446,Medium
51444,6790,38782,5872,Medium
83916,42996,49048,-8128,Medium
23711,5837,10325,7549,Low
89318,28756,59840,722,Medium
97970,10870,31761,55339,Low
45707,11450,22657,11600,Low
54110,19009,31445,3656,Medium
76788,9835,29853,37100,Low
97879,33821,87189,-23131,Medium
53827,30334,22901,592,Medium
20655,3153,7811,9691,Low
59859,28865,25267,5727,Medium
68625,20919,52253,-4547,Medium
67098,28690,37259,1149,Medium
30251,6961,19337,3953,Medium
15526,2790,4853,7883,Low
83760,15096,26858,41806,Low
62837,8498,35659,18680,Low
26536,5116,20963,457,Medium
43541,18814,36188,-11461,Medium
94083,50884,33119,10080,Medium
66027,33479,41136,-8588,Medium
49531,21920,41999,-14388,Medium
23712,3680,12633,7399,Low
80455,19678,64182,-3405,Medium
89744,22876,34122,32746,Low
20109,4524,17318,-1733,Medium
64268,22975,48255,-6962,Medium
69615,25602,60203,-16190,Medium
97503,27149,68834,1520,Medium
44759,12393,23187,9179,Low
75112,38628,64814,-28330,High
41589,20571,19353,1665,Medium
45015,11429,22476,11110,Low
44009,24508,31707,-12206,Medium
98309,56666,74635,-32992,Medium
77046,20291,66077,-9322,Medium
41143,11405,17398,12340,Low
21154,7463,16474,-2783,Medium
36804,20998,27350,-11544,Medium
56688,30507,19176,7005,Medium
79288,11995,42207,25086,Low
66195,19617,31089,15489,Low
35581,13402,17174,5005,Medium
67648,23782,60191,-16325,Medium
45087,8879,30914,5294,Medium
64930,34374,47438,-16882,Medium
47981,21038,42509,-15566,Medium
84298,43746,44367,-3815,Medium
61167,32380,47777,-18990,Medium
90304,42820,50635,-3151,Medium
58408,18667,47995,-8254,Medium
54499,22086,22257,10156,Medium
67269,12120,58430,-3281,Medium
53559,23395,23098,7066,Medium
89319,16937,44278,28104,Low
63787,28511,48077,-12801,Medium
50488,10844,27074,12570,Low
89441,14201,59471,15769,Medium
89663,16376,50815,22472,Low
37431,3780,27901,5750,Medium
76681,35224,33509,7948,Medium
78483,36588,26297,15598,Medium
64153,22932,30790,10431,Medium
21368,3860,12491,5017,Low
42424,6014,17004,19406,Low
60004,6574,30774,22656,Low
98869,18080,53388,27401,Low
71985,39262,24074,8649,Medium
65069,14365,42293,8411,Medium
67326,18658,55921,-7253,Medium
96061,14665,37564,43832,Low
38398,8108,25292,4998,Medium
65861,23684,46026,-3849,Medium
90897,36711,50138,4048,Medium
96905,21578,69835,5492,Medium
83577,10770,45669,27138,Low
80641,23830,48608,8203,Medium
24078,5227,7329,11522,Low
40003,8391,28603,3009,Medium
77768,45100,54189,-21521,Medium
66047,26957,21335,17755,Medium
86626,32782,45127,8717,Medium
72660,22371,64479,-14190,Medium
64786,20373,35790,8623,Medium
16925,6269,10174,482,Medium
98976,44362,83729,-29115,Medium
41015,18500,29955,-7440,Medium
48320,8980,31371,7969,Medium
79881,27962,62201,-10282,Medium
41289,12633,33799,-5143,Medium
18389,9842,10557,-2010,Medium
40683,16912,23802,-31,Medium
28629,10485,15220,2924,Medium
76550,12071,67365,-2886,Medium
39826,16042,28607,-4823,Medium
41630,6602,14567,20461,Low
61163,16428,50017,-5282,Medium
81435,13959,47911,19565,Low
26653,11888,9095,5670,Medium
42961,8726,27058,7177,Medium
96941,28687,53346,14908,Low
89137,48832,73685,-33380,High
48662,9837,20554,18271,Low
71446,25284,56862,-10700,Medium
36288,11236,23028,2024,Medium
51877,5657,17262,28958,Low
30313,15046,26769,-11502,Medium
95885,12898,58256,24731,Medium
87715,29571,41623,16521,Medium
25326,9632,14730,964,Medium
16560,6859,13491,-3790,Medium
94148,41831,45468,6849,Medium
98186,22252,40806,35128,Low
41745,4382,15756,21607,Low
46890,21650,22446,2794,Medium
35022,12882,26897,-4757,Medium
67579,35009,39396,-6826,Medium
85316,43570,37239,4507,Medium
98847,51564,39510,7773,Medium
43380,14859,21674,6847,Medium
17356,4630,14994,-2268,Medium
85326,42302,43159,-135,Medium
35049,11413,31294,-7658,Medium
90717,17392,53626,19699,Low
31082,16395,12665,2022,Medium
15661,8476,13071,-5886,High
52412,17461,30200,4751,Medium
17920,2470,13006,2444,Medium
75315,22136,67047,-13868,Medium
94561,47447,31215,15899,Medium
23946,13191,8573,2182,Medium
60500,12205,44302,3993,Medium
31309,4179,14686,12444,Low
70230,37831,28835,3564,Medium
45027,13269,14571,17187,Low
87541,32467,27409,27665,Medium
74321,43405,56832,-25916,Medium
15956,2126,6073,7757,Low
89131,37805,51752,-426,Medium
62908,8621,41741,12546,Medium
93339,26856,51990,14493,Low
40963,20559,12955,7449,Medium
54443,17244,41926,-4727,Medium
54063,32361,16559,5143,Medium
95818,36365,72547,-13094,Medium
19703,5134,16471,-1902,Medium
80128,16831,44847,18450,Low
87099,23974,54116,9009,Medium
40849,11693,23945,5211,Low
46860,6295,25000,15565,Low
46585,13266,38779,-5460,Medium
37015,12293,30957,-6235,Medium
92539,42694,46407,3438,Medium
58585,25095,39195,-5705,Medium
41958,19064,35922,-13028,Medium
41017,4273,35981,763,Medium
91707,19151,55517,17039,Medium
60350,26001,34501,-152,Medium
27201,9302,12708,5191,Medium
44426,4560,38887,979,Medium
32778,16462,12642,3674,Medium
60241,29301,39030,-8090,Medium
57229,21415,26870,8944,Medium
63364,8442,29616,25306,Low
99878,48266,54231,-2619,Medium
72056,28235,64798,-20977,Medium
42490,20861,14148,7481,Medium
34975,16643,22633,-4301,Medium
41723,20924,14583,6216,Medium
38279,13742,15032,9505,Medium
93301,15876,52597,24828,Low
26561,11569,16103,-1111,Medium
81061,33254,36905,10902,Medium
64153,30224,31426,2503,Medium
48142,8903,16954,22285,Low
41916,8277,20200,13439,Low
79324,43247,69799,-33722,High
59965,28482,51979,-20496,Medium
19648,10887,9842,-1081,Medium
50133,24031,32211,-6109,Medium
65677,26177,55546,-16046,Medium
85135,36358,25856,22921,Medium
50046,27253,39356,-16563,Medium
62064,24167,53934,-16037,Medium
84350,35106,29926,19318,Medium
60893,10853,24166,25874,Low
76272,25700,66848,-16276,Medium
82649,37869,51450,-6670,Medium
79674,18760,24580,36334,Low
28760,5784,13073,9903,Low
36927,9487,21047,6393,Low
76367,16858,54659,4850,Medium
27588,5723,20412,1453,Medium
67233,21005,60325,-14097,Medium
59738,33090,28226,-1578,Medium
48397,17109,30148,1140,Medium
97189,18850,60256,18083,Medium
91367,12653,49647,29067,Low
86260,38651,34633,12976,Medium
91619,26697,81217,-16295,Medium
34816,17788,28270,-11242,High
57240,24599,34286,-1645,Medium
21276,10598,14083,-3405,Medium
94530,22306,41248,30976,Low
38499,17177,24110,-2788,Medium
97495,22621,69902,4972,Medium
86635,49341,52769,-15475,Medium
50946,21304,45554,-15912,Medium
70204,18411,46812,4981,Medium
66886,15701,34953,16232,Low
86652,16937,66140,3575,Medium
30563,13671,12294,4598,Medium
24847,5201,13186,6460,Low
41155,16365,20913,3877,Medium
94671,21993,52929,19749,Low
98310,42370,75607,-19667,Medium
82278,41753,48585,-8060,Medium
33309,16288,25861,-8840,Medium
15619,7503,10088,-1972,Medium
98194,19036,49611,29547,Low
65108,9388,51174,4546,Medium
49707,22342,22018,5347,Medium
35337,10041,15358,9938,Low
96537,30522,58183,7832,Medium
81504,9419,37207,34878,Low
62614,14387,19125,29102,Low
15281,1785,10528,2968,Medium
42420,22889,25734,-6203,Medium
95896,21259,54402,20235,Low
54030,20459,47556,-13985,Medium
16058,1918,10320,3820,Medium
91260,39554,74656,-22950,Medium
43404,11350,16652,15402,Low
44856,24624,28776,-8544,Medium
24200,13166,19863,-8829,High
79178,20795,51454,6929,Medium
48997,26971,35807,-13781,Medium
40611,24288,21248,-4925,Medium
56235,28832,19989,7414,Medium
50057,26151,28769,-4863,Medium
16239,3645,8715,3879,Low
80661,31324,66161,-16824,Medium
60272,8054,26905,25313,Low
76212,11238,67069,-2095,Medium
30398,18221,26594,-14417,High
71503,18828,32074,20601,Low
21638,10258,11010,370,Medium
21570,10856,18061,-7347,High
83785,44323,73728,-34266,High
24110,14437,13647,-3974,Medium
94141,20781,46373,26987,Low
27115,3258,16693,7164,Medium
54062,16521,38527,-986,Medium
37911,6256,17593,14062,Low
47556,5288,35281,6987,Medium
93131,26096,30825,36210,Low
16969,8346,5592,3031,Medium
58753,22507,31243,5003,Medium
97811,25077,50087,22647,Low
19470,8317,9528,1625,Medium
25225,5448,14999,4778,Low
38196,4094,18809,15293,Low
28669,13823,11907,2939,Medium
52380,21573,25440,5367,Medium
63320,30466,56034,-23180,Medium
62414,7456,34119,20839,Low
30577,15856,17331,-2610,Medium
70409,28851,45479,-3921,Medium
43625,16651,38826,-11852,Medium
96040,39597,42734,13709,Medium
39089,20803,27705,-9419,Medium
51487,20258,37564,-6335,Medium
80838,31565,53708,-4435,Medium
65138,38779,23003,3356,Medium
57823,27660,40830,-10667,Medium
52208,16766,17670,17772,Medium
69061,31332,45420,-7691,Medium
45659,13451,33958,-1750,Medium
46890,10054,20002,16834,Low
94134,37505,75775,-19146,Medium
62055,35004,19746,7305,Medium
34508,19482,27823,-12797,High
57287,15522,33008,8757,Low
93916,34170,40435,19311,Medium
41984,8641,15965,17378,Low
23125,13824,20164,-10863,High
51059,30153,17543,3363,Medium
84569,35921,35472,13176,Medium
32087,16114,16322,-349,Medium
20704,9473,13916,-2685,Medium
75576,29971,47377,-1772,Medium
88384,11195,33178,44011,Low
87460,28632,41441,17387,Medium
42208,18461,18708,5039,Medium
81024,35550,34688,10786,Medium
54882,15727,30003,9152,Low
40923,23360,29563,-12000,Medium
44165,8112,19011,17042,Low
82203,28785,42746,10672,Medium
19114,8514,10217,383,Medium
79965,35869,70838,-26742,Medium
51321,21776,44792,-15247,Medium
88297,20983,68878,-1564,Medium
40426,7200,17989,15237,Low
32772,13697,11169,7906,Medium
18712,7478,9171,2063,Medium
16367,3104,7530,5733,Low
66924,30287,40392,-3755,Medium
18726,6134,14356,-1764,Medium
42723,18536,34818,-10631,Medium
24108,12504,19453,-7849,High
92714,17139,47822,27753,Low
50643,5549,36075,9019,Medium
46324,22677,22592,1055,Medium
98360,39820,33102,25438,Medium
23927,10762,17249,-4084,Medium
37443,19435,11453,6555,Medium
94973,47619,51808,-4454,Medium
78449,45536,39038,-6125,Medium
91743,33758,65690,-7705,Medium
75233,25898,57158,-7823,Medium
40537,12199,19557,8781,Medium
92576,16371,72855,3350,Medium
37612,14529,17916,5167,Medium
21471,5120,12191,4160,Low
50631,28386,37275,-15030,Medium
46348,18149,33173,-4974,Medium
79732,31607,71154,-23029,Medium
16177,4488,7038,4651,Low
19760,2489,13780,3491,Medium
47779,5536,31811,10432,Medium
36636,11418,31106,-5888,Medium
96889,13785,38156,44948,Low
68551,27655,51487,-10591,Medium
26556,14353,17021,-4818,Medium
42598,23065,19799,-266,Medium
26563,11409,15530,-376,Medium
61819,12710,30925,18184,Low
88770,47181,57486,-15897,Medium
41966,22789,34974,-15797,High
96709,19179,62046,15484,Medium
74889,35101,50852,-11064,Medium
41987,10213,25664,6110,Medium
93714,46980,30991,15743,Medium
73348,43907,32252,-2811,Medium
39596,4554,23567,11475,Low
48174,26432,23419,-1677,Medium
79106,32537,32358,14211,Medium
84967,49849,51190,-16072,Medium
74182,24665,36622,12895,Medium
54310,28441,24703,1166,Medium
71088,9326,41116,20646,Low
23906,6398,9083,8425,Low
51914,6930,44471,513,Medium
60379,35483,49548,-24652,High
93612,47600,67828,-21816,Medium
52650,27708,19150,5792,Medium
61881,35209,47371,-20699,Medium
61413,8754,48195,4464,Medium
21012,6152,15982,-1122,Medium
65115,8824,23987,32304,Low
22151,4549,15203,2399,Medium
72716,15610,58216,-1110,Medium
51378,17188,33211,979,Medium
57652,13506,39655,4491,Medium
87430,13157,50273,24000,Low
28467,5230,17570,5667,Medium
46010,7989,14752,23269,Low
69691,40876,47625,-18810,Medium
79157,37967,27615,13575,Medium
27289,15933,15309,-3953,Medium
59976,19184,28524,12268,Medium
58596,14015,36754,7827,Medium
38171,19052,14506,4613,Medium
59139,15561,42283,1295,Medium
63713,15908,49505,-1700,Medium
44734,9673,17804,17257,Low
87588,14437,31758,41393,Low
78646,17949,30460,30237,Low
18654,5179,15413,-1938,Medium
33743,14745,20816,-1818,Medium
63368,8319,36776,18273,Low
89172,18302,32461,38409,Low
21441,10817,14788,-4164,Medium
39611,6870,32512,229,Medium
27149,7366,21635,-1852,Medium
74189,39492,50124,-15427,Medium
36675,6508,12659,17508,Low
86031,12162,31611,42258,Low
57668,19737,19006,18925,Medium
28673,7202,13031,8440,Low
91666,34989,34961,21716,Medium
95758,48061,43668,4029,Medium
80429,13558,42710,24161,Low
